id_artiste,nom,style_musical,pays
1,The Headhunters,Jazz funk,USA
2,Tshegue,Afro-punk,France/Congo
3,Seun Kuti & Egypt 80,Afrobeat,Nigeria
4,Jalen Ngonda,Soul,USA
5,Isaiah Collier Parallel Universe,Jazz,USA
6,Denardo Coleman,Jazz,USA
7,Wallace Roney Jr.,Jazz,USA
8,Isaiah Collier,Jazz,USA
9,Craig Taborn,Jazz,USA
10,Brad Jones,Jazz,USA
11,Marc Ducret,Jazz,France
12,Orchestre Ostinato,Orchestre,France
13,Jaubi,Jazz fusion,Pakistan
14,Nduduzo Makhathini,Jazz,Afrique du Sud
15,ConstelNation,Jazz collectif,International
16,Sona Jobarteh,World music,Gambie
17,Salif Keïta,Afro-pop,Mali
18,SHABAKA,Jazz spirituel,UK
19,BoBines (CNSMDP),Jazz étudiant,France
20,Sun Ra Arkestra,Free jazz,USA
21,Jeff Mills & Guests,Electro-jazz,USA/France/Inde
22,Donny McCaslin & Ishkero,Jazz moderne,USA/France
23,Anne Paceo “Atlantis”,Jazz,France
24,Jacob Banks,Soul,UK
25,Rejjie Snow,Hip-hop/Jazz fusion,Irlande
26,Jordan Rakei,Neo-soul,Nouvelle-Zélande
27,AMG,Hip-hop,France
28,Rita Payés,Jazz vocal,Espagne
29,ALA.NI,Soul,UK
30,Knower [full band],Electro-jazz,USA
31,Cimafunk,Funk afro-cubain,Cuba
