id_assignation,id_personnel,id_concert,role_concert
1,1,4,Coordination artistes
2,1,2,Coordination artistes
3,3,9,Technicien son
4,3,3,Technicien son
5,3,4,Technicien son
6,4,5,Logistique
7,4,10,Logistique
8,6,2,Accueil
9,6,4,Accueil
10,7,3,Maintenance
11,7,5,Maintenance
12,8,3,Runner
13,8,5,Runner
14,8,1,Runner
15,10,3,Stage manager
16,10,11,Stage manager
17,10,8,Stage manager
18,11,10,Coordination artistes
19,12,8,Chauffeur
20,12,6,Chauffeur
21,13,5,Nettoyage
22,15,7,Maintenance
23,16,11,Nettoyage
24,16,12,Nettoyage
25,16,1,Nettoyage
26,17,5,Accueil
27,17,2,Accueil
28,17,4,Accueil
29,18,10,Stage manager
30,18,12,Stage manager
31,20,7,Backline
32,20,8,Backline
33,20,11,Backline
34,21,7,Billetterie
35,21,5,Billetterie
36,21,10,Billetterie
37,22,12,Nettoyage
38,22,2,Nettoyage
39,22,4,Nettoyage
40,23,11,Maintenance
41,23,2,Maintenance
42,24,9,Technicien lumière
43,25,7,Communication
44,26,8,Sécurité
45,26,5,Sécurité
46,26,1,Sécurité
47,27,5,Coordination artistes
48,27,8,Coordination artistes
49,27,2,Coordination artistes
50,28,11,Coordination artistes
51,28,10,Coordination artistes
52,29,7,Stage manager
53,30,11,Accueil
54,31,3,Sécurité
55,31,2,Sécurité
56,32,10,Catering
57,32,12,Catering
58,34,12,Backline
59,34,5,Backline
60,35,9,Maintenance
61,35,12,Maintenance
62,36,10,Runner
63,37,12,Technicien son
64,37,6,Technicien son
65,38,2,Backline
66,39,10,Catering
67,39,12,Catering
68,39,1,Catering
69,41,10,Catering
70,41,1,Catering
71,43,11,Technicien son
72,43,8,Technicien son
73,43,5,Technicien son
74,44,7,Coordination artistes
75,44,11,Coordination artistes
76,44,8,Coordination artistes
77,46,6,Backline
78,46,12,Backline
79,47,6,Nettoyage
80,48,5,Chauffeur
81,48,11,Chauffeur
82,51,2,Logistique
83,51,6,Logistique
84,52,7,Technicien son
85,55,8,Backline
86,55,7,Backline
87,55,1,Backline
88,56,10,Logistique
89,56,8,Logistique
90,57,4,Logistique
91,58,5,Technicien lumière
92,59,8,Billetterie
93,59,2,Billetterie
94,59,1,Billetterie
95,61,12,Billetterie
96,62,1,Logistique
97,62,9,Logistique
98,62,7,Logistique
99,63,8,Sécurité
100,65,8,Maintenance
101,67,5,Chauffeur
102,67,7,Chauffeur
103,67,8,Chauffeur
104,69,3,Chauffeur
105,69,7,Chauffeur
106,69,4,Chauffeur
107,71,2,Runner
108,72,6,Logistique
109,72,9,Logistique
110,73,5,Catering
111,76,8,Backline
112,76,3,Backline
113,76,12,Backline
114,77,6,Catering
115,77,9,Catering
116,79,4,Catering
117,79,12,Catering
118,80,7,Stage manager
119,81,8,Logistique
120,81,7,Logistique
121,81,11,Logistique
122,84,8,Catering
123,86,6,Sécurité
124,86,2,Sécurité
125,86,8,Sécurité
126,87,1,Stage manager
127,87,3,Stage manager
128,88,3,Nettoyage
129,88,2,Nettoyage
130,88,8,Nettoyage
131,90,12,Chauffeur
132,90,7,Chauffeur
133,90,2,Chauffeur
134,94,11,Accueil
135,94,8,Accueil
136,96,4,Technicien son
137,97,4,Sécurité
138,97,2,Sécurité
139,98,11,Technicien lumière
140,100,12,Sécurité
141,101,1,Chauffeur
142,102,5,Communication
143,103,3,Maintenance
144,103,4,Maintenance
145,104,11,Chauffeur
146,104,3,Chauffeur
147,104,12,Chauffeur
148,105,7,Chauffeur
149,105,10,Chauffeur
150,105,4,Chauffeur
151,106,3,Coordination artistes
152,106,4,Coordination artistes
153,106,8,Coordination artistes
154,107,5,Runner
155,107,11,Runner
156,108,5,Nettoyage
157,108,11,Nettoyage
158,109,8,Logistique
159,112,12,Runner
160,112,5,Runner
161,113,4,Communication
162,113,7,Communication
163,115,10,Sécurité
164,115,6,Sécurité
165,116,5,Technicien lumière
166,116,1,Technicien lumière
167,116,7,Technicien lumière
168,117,11,Coordination artistes
169,117,1,Coordination artistes
170,117,10,Coordination artistes
171,122,4,Communication
172,122,11,Communication
173,123,11,Runner
174,123,12,Runner
175,124,11,Billetterie
176,125,11,Billetterie
177,125,1,Billetterie
178,125,5,Billetterie
179,127,12,Backline
180,127,3,Backline
181,128,6,Logistique
182,128,7,Logistique
183,129,9,Accueil
184,131,5,Backline
185,131,3,Backline
186,131,12,Backline
187,135,2,Accueil
188,135,8,Accueil
189,137,11,Communication
190,142,1,Maintenance
191,142,5,Maintenance
192,143,6,Nettoyage
193,143,11,Nettoyage
194,145,11,Maintenance
195,145,6,Maintenance
196,146,8,Accueil
197,147,6,Accueil
198,147,10,Accueil
199,147,4,Accueil
200,148,8,Runner
201,148,5,Runner
202,148,7,Runner
203,149,1,Technicien lumière
204,150,2,Billetterie
205,150,12,Billetterie
206,151,3,Billetterie
207,151,7,Billetterie
208,151,8,Billetterie
209,152,12,Accueil
210,152,9,Accueil
211,152,7,Accueil
212,153,3,Nettoyage
213,153,7,Nettoyage
214,153,2,Nettoyage
215,155,1,Technicien son
216,155,6,Technicien son
217,156,4,Nettoyage
218,156,6,Nettoyage
219,157,6,Maintenance
220,157,9,Maintenance
221,157,12,Maintenance
222,158,4,Logistique
223,158,2,Logistique
224,161,11,Catering
225,162,1,Catering
226,164,10,Sécurité
227,165,4,Stage manager
228,165,10,Stage manager
229,165,12,Stage manager
230,167,10,Runner
231,168,3,Coordination artistes
232,169,2,Logistique
233,170,3,Maintenance
234,171,10,Nettoyage
235,172,5,Sécurité
236,173,7,Accueil
237,173,9,Accueil
238,173,2,Accueil
239,175,9,Runner
240,175,10,Runner
241,176,4,Catering
242,176,10,Catering
243,176,1,Catering
244,179,8,Stage manager
245,179,11,Stage manager
246,181,7,Nettoyage
247,181,12,Nettoyage
248,182,12,Billetterie
249,182,8,Billetterie
250,183,6,Billetterie
251,184,3,Catering
252,185,10,Billetterie
253,185,9,Billetterie
254,185,6,Billetterie
255,186,9,Nettoyage
256,186,5,Nettoyage
257,186,8,Nettoyage
258,187,2,Chauffeur
259,187,12,Chauffeur
260,189,12,Technicien son
261,189,4,Technicien son
262,189,7,Technicien son
263,190,7,Accueil
264,191,7,Stage manager
265,191,12,Stage manager
266,193,11,Coordination artistes
267,193,5,Coordination artistes
268,194,11,Coordination artistes
269,196,2,Logistique
270,197,12,Communication
271,197,6,Communication
272,197,3,Communication
273,198,9,Backline
274,198,12,Backline
275,198,6,Backline
276,199,6,Coordination artistes
277,199,11,Coordination artistes
