id_concert,id_personnel,horaire,role
12,1,19:00,Runner
2,2,16:00,Supervision technique
11,2,21:00,Technicien lumière
9,2,15:00,Régisseur
10,3,18:00,Chauffeur
1,3,21:00,Runner
9,3,22:00,Supervision technique
3,4,21:00,Accueil
6,5,16:00,Régisseur
6,6,19:00,Technicien lumière
10,6,22:00,Chauffeur
2,7,19:00,Backline
9,7,18:00,Régisseur
5,8,16:00,Runner
11,10,17:00,Backline
6,10,20:00,Logistique
11,11,17:00,Chauffeur
12,11,18:00,Sécurité
2,11,22:00,Catering
12,12,20:00,Technicien lumière
9,12,18:00,Technicien lumière
4,12,20:00,Catering
10,13,20:00,Logistique
11,14,17:00,Stage manager
8,14,17:00,Runner
10,16,21:00,Backline
7,16,18:00,Agent accueil
12,16,23:00,Maintenance
2,17,17:00,Sécurité
7,19,21:00,Coordination artistes
1,20,23:00,Stage manager
11,20,20:00,Régisseuse
2,20,19:00,Communication
12,21,19:00,Nettoyage
11,23,19:00,Nettoyage
6,24,17:00,Chauffeur
1,28,20:00,Billetterie
2,28,18:00,Technicien lumière
2,29,16:00,Chauffeur
12,29,17:00,Agent accueil
8,29,22:00,Chauffeur
10,30,23:00,Logistique
7,30,19:00,Catering
4,30,20:00,Coordination artistes
4,32,16:00,Accueil
4,33,15:00,Régisseur
10,33,15:00,Runner
12,33,16:00,Technicien lumière
5,35,22:00,Logistique
10,36,18:00,Maintenance
12,36,21:00,Logistique
8,36,16:00,Régisseuse
7,37,22:00,Technicien lumière
12,37,16:00,Technicien lumière
2,38,18:00,Logistique
4,38,23:00,Coordination artistes
5,39,22:00,Runner
2,41,15:00,Régisseur
1,41,18:00,Sécurité
9,41,21:00,Maintenance
1,42,21:00,Technicien son
3,42,21:00,Stage manager
12,45,17:00,Logistique
9,45,19:00,Logistique
8,45,15:00,Supervision technique
1,47,22:00,Nettoyage
12,47,23:00,Sécurité
2,48,16:00,Runner
3,48,21:00,Régisseuse
12,48,18:00,Supervision technique
2,49,23:00,Accueil
7,49,19:00,Logistique
10,49,20:00,Runner
11,50,19:00,Coordination artistes
1,51,22:00,Supervision technique
9,53,19:00,Agent accueil
8,57,23:00,Billetterie
9,58,19:00,Régisseuse
1,58,17:00,Stage manager
12,58,16:00,Régisseuse
10,60,20:00,Logistique
4,60,19:00,Nettoyage
2,61,21:00,Stage manager
3,62,19:00,Sécurité
11,62,22:00,Chauffeur
2,64,17:00,Chauffeur
10,65,17:00,Communication
9,65,17:00,Technicien lumière
6,66,18:00,Runner
9,67,17:00,Runner
7,67,17:00,Sécurité
6,69,19:00,Sécurité
7,69,16:00,Catering
4,69,15:00,Maintenance
6,70,18:00,Runner
5,70,15:00,Logistique
2,71,20:00,Nettoyage
5,71,21:00,Chauffeur
2,72,19:00,Sécurité
1,73,21:00,Backline
2,73,20:00,Communication
2,74,18:00,Stage manager
7,74,15:00,Communication
10,74,15:00,Nettoyage
12,76,20:00,Communication
11,76,16:00,Accueil
4,76,20:00,Régisseuse
11,78,20:00,Catering
7,78,19:00,Chauffeur
11,79,17:00,Supervision technique
7,79,19:00,Catering
5,80,19:00,Logistique
10,81,22:00,Coordination artistes
11,81,22:00,Logistique
6,81,23:00,Maintenance
9,85,20:00,Régisseur
11,85,18:00,Billetterie
3,86,15:00,Technicien lumière
10,87,22:00,Communication
2,87,18:00,Catering
3,88,15:00,Régisseuse
9,90,23:00,Runner
8,90,16:00,Coordination artistes
1,90,17:00,Coordination artistes
10,91,23:00,Communication
6,91,23:00,Coordination artistes
8,91,17:00,Maintenance
11,92,19:00,Nettoyage
5,93,22:00,Régisseur
6,95,16:00,Agent accueil
9,95,17:00,Runner
12,96,18:00,Régisseur
9,97,21:00,Technicien lumière
8,97,18:00,Communication
12,98,21:00,Maintenance
1,98,15:00,Backline
10,98,19:00,Catering
12,101,18:00,Maintenance
9,101,18:00,Stage manager
10,101,21:00,Maintenance
11,102,21:00,Sécurité
12,102,22:00,Agent accueil
10,104,15:00,Régisseur
12,104,21:00,Agent accueil
7,106,18:00,Coordination artistes
6,106,20:00,Accueil
5,108,22:00,Technicien son
2,108,23:00,Technicien lumière
2,110,15:00,Runner
11,110,18:00,Technicien son
1,110,17:00,Runner
2,111,22:00,Stage manager
10,111,20:00,Sécurité
4,111,16:00,Sécurité
5,113,21:00,Catering
12,115,16:00,Billetterie
11,115,16:00,Supervision technique
4,115,15:00,Backline
6,116,20:00,Technicien son
2,116,21:00,Maintenance
9,116,16:00,Communication
12,118,21:00,Sécurité
3,118,23:00,Stage manager
8,119,19:00,Accueil
12,119,18:00,Régisseur
7,119,19:00,Coordination artistes
10,120,21:00,Accueil
12,120,15:00,Maintenance
6,122,19:00,Accueil
12,123,15:00,Nettoyage
5,123,18:00,Régisseur
9,123,18:00,Communication
12,124,22:00,Maintenance
2,125,19:00,Runner
5,126,20:00,Maintenance
7,127,20:00,Backline
9,127,22:00,Stage manager
2,128,18:00,Accueil
12,129,18:00,Maintenance
3,129,19:00,Supervision technique
4,129,23:00,Billetterie
3,132,15:00,Chauffeur
5,132,17:00,Stage manager
9,133,19:00,Agent accueil
2,134,19:00,Maintenance
1,134,22:00,Coordination artistes
5,135,22:00,Régisseuse
10,137,15:00,Agent accueil
5,138,16:00,Chauffeur
2,138,21:00,Runner
4,138,23:00,Catering
5,139,21:00,Billetterie
10,139,15:00,Régisseuse
5,141,16:00,Sécurité
2,142,21:00,Coordination artistes
3,142,22:00,Billetterie
1,142,15:00,Runner
12,143,16:00,Runner
8,143,19:00,Supervision technique
7,144,16:00,Chauffeur
5,145,17:00,Régisseur
10,146,19:00,Coordination artistes
12,146,16:00,Coordination artistes
7,147,23:00,Maintenance
5,147,22:00,Régisseur
9,147,15:00,Communication
2,149,18:00,Supervision technique
11,150,19:00,Supervision technique
8,151,23:00,Coordination artistes
7,153,16:00,Maintenance
11,153,20:00,Communication
8,153,20:00,Accueil
6,154,21:00,Maintenance
9,155,22:00,Régisseur
1,155,20:00,Stage manager
9,156,23:00,Coordination artistes
1,156,21:00,Technicien lumière
10,157,22:00,Technicien lumière
8,157,18:00,Stage manager
8,158,16:00,Technicien son
12,158,18:00,Sécurité
9,159,21:00,Régisseur
8,160,16:00,Agent accueil
5,161,21:00,Maintenance
9,161,22:00,Runner
12,161,22:00,Chauffeur
10,162,23:00,Agent accueil
6,164,19:00,Technicien son
9,164,19:00,Billetterie
8,166,23:00,Maintenance
3,166,20:00,Accueil
12,166,23:00,Chauffeur
4,167,21:00,Runner
12,167,21:00,Technicien lumière
12,168,21:00,Agent accueil
7,168,22:00,Technicien lumière
6,169,16:00,Nettoyage
2,169,22:00,Technicien son
8,169,17:00,Communication
6,172,21:00,Régisseur
10,172,20:00,Chauffeur
11,173,23:00,Technicien lumière
8,173,16:00,Runner
4,174,21:00,Régisseuse
2,174,16:00,Coordination artistes
1,175,20:00,Technicien lumière
12,175,19:00,Backline
4,176,23:00,Communication
3,177,17:00,Régisseur
10,178,18:00,Maintenance
11,178,17:00,Runner
8,179,15:00,Coordination artistes
5,179,19:00,Chauffeur
6,180,19:00,Communication
10,180,19:00,Coordination artistes
8,182,18:00,Catering
2,182,20:00,Supervision technique
5,183,19:00,Technicien son
1,183,15:00,Maintenance
7,183,19:00,Runner
4,184,18:00,Stage manager
11,184,17:00,Régisseuse
8,186,20:00,Agent accueil
1,186,16:00,Billetterie
3,187,17:00,Chauffeur
4,187,20:00,Nettoyage
3,188,22:00,Billetterie
5,188,20:00,Régisseuse
3,189,18:00,Catering
1,192,23:00,Régisseuse
5,192,22:00,Backline
5,193,20:00,Régisseuse
10,193,18:00,Maintenance
7,193,15:00,Chauffeur
4,194,22:00,Billetterie
11,194,21:00,Régisseuse
2,194,17:00,Technicien lumière
2,196,18:00,Chauffeur
12,196,17:00,Catering
12,197,17:00,Communication
9,197,16:00,Maintenance
7,197,21:00,Stage manager
4,198,22:00,Runner
8,198,20:00,Régisseuse
6,200,19:00,Logistique
1,200,16:00,Coordination artistes
7,200,16:00,Logistique
