id_festivalier,nom,prenom,adresse_email
1,Moreau,Ava,ava.moreau@example.com
2,Suzuki,Aarav,aarav.suzuki@example.com
3,Harris,Nia,nia.harris@example.com
4,Dimitrov,Noah,noah.dimitrov@example.com
5,Fernández,Liam,liam.fernandez@example.com
6,Moreau,Sofia,sofia.moreau@example.com
7,Hassan,Liam,liam.hassan@example.com
8,Ionescu,Thandi,thandi.ionescu@example.com
9,Ndlovu,Lucas,lucas.ndlovu@example.com
10,García,Eleni,eleni.garcia@example.com
11,Castro,Nia,nia.castro@example.com
12,Martin,Aarav,aarav.martin@example.com
13,Fernández,Aïcha,aicha.fernandez@example.com
14,Park,Zain,zain.park@example.com
15,Hassan,Charlotte,charlotte.hassan@example.com
16,Taylor,Zain,zain.taylor@example.com
17,Karim,Liam,liam.karim@example.com
18,Saleh,Olivia,olivia.saleh@example.com
19,Watanabe,Maya,maya.watanabe@example.com
20,Mendoza,Mateo,mateo.mendoza@example.com
21,Clark,Ivana,ivana.clark@example.com
22,Johnson,Farah,farah.johnson@example.com
23,Fares,Mei,mei.fares@example.com
24,Müller,Fatou,fatou.muller@example.com
25,Mahmoud,Mateo,mateo.mahmoud@example.com
26,Johnson,Mei,mei.johnson@example.com
27,Brown,Thandi,thandi.brown@example.com
28,Park,Farah,farah.park@example.com
29,Fares,Renata,renata.fares@example.com
30,Zaher,Aïcha,aicha.zaher@example.com
31,Abebe,Yara,yara.abebe@example.com
32,Fischer,Ravi,ravi.fischer@example.com
33,Ivanov,Youssef,youssef.ivanov@example.com
34,Diop,Yuki,yuki.diop@example.com
35,Karim,Pedro,pedro.karim@example.com
36,Ali,Ravi,ravi.ali@example.com
37,Schmidt,Layla,layla.schmidt@example.com
38,Ricci,Thandi,thandi.ricci@example.com
39,Rodríguez,Omar,omar.rodriguez@example.com
40,Müller,Ravi,ravi.muller@example.com
41,Haddad,Kofi,kofi.haddad@example.com
42,Papadopoulos,Kofi,kofi.papadopoulos@example.com
43,Mendoza,Santiago,santiago.mendoza@example.com
44,Watanabe,Mason,mason.watanabe@example.com
45,Suzuki,Amelia,amelia.suzuki@example.com
46,Watanabe,Ivana,ivana.watanabe@example.com
47,Rodríguez,Lucía,lucia.rodriguez@example.com
48,Ali,Ali,ali.ali@example.com
49,Petrova,Amelia,amelia.petrova@example.com
50,Smith,Marta,marta.smith@example.com
51,Anderson,Noah,noah.anderson@example.com
52,Diop,Charlotte,charlotte.diop@example.com
53,Müller,Lucía,lucia.muller@example.com
54,Karim,Nadia,nadia.karim@example.com
55,Horváth,Pedro,pedro.horvath@example.com
56,Bernard,Haruto,haruto.bernard@example.com
57,Ivanov,Ava,ava.ivanov@example.com
58,Saad,Ravi,ravi.saad@example.com
59,Tran,Ava,ava.tran@example.com
60,Diop,María,maria.diop@example.com
61,Martin,Renata,renata.martin@example.com
62,Ionescu,Aiko,aiko.ionescu@example.com
63,Ionescu,Amadou,amadou.ionescu@example.com
64,Khan,Noah,noah.khan@example.com
65,Ndlovu,Jon,jon.ndlovu@example.com
66,Zaher,Charlotte,charlotte.zaher@example.com
67,Dimitrov,Aïcha,aicha.dimitrov@example.com
68,Martin,Milos,milos.martin@example.com
69,Novak,Layla,layla.novak@example.com
70,Anderson,Chloé,chloe.anderson@example.com
71,Patel,Ali,ali.patel@example.com
72,Schmidt,Sora,sora.schmidt@example.com
73,Johnson,Sora,sora.johnson@example.com
74,Novak,Emma,emma.novak@example.com
75,Ivanov,Luca,luca.ivanov@example.com
76,Walker,Ethan,ethan.walker@example.com
77,Traoré,Elena,elena.traore@example.com
78,Horváth,Aiko,aiko.horvath@example.com
79,Hassan,Lucía,lucia.hassan@example.com
80,Ndlovu,Eleni,eleni.ndlovu@example.com
81,Rodríguez,Hana,hana.rodriguez@example.com
82,Santos,Malak,malak.santos@example.com
83,Castro,Greta,greta.castro@example.com
84,Suzuki,Isabella,isabella.suzuki@example.com
85,Müller,Nia,nia.muller@example.com
86,Dubois,Zain,zain.dubois@example.com
87,Ali,Thandi,thandi.ali@example.com
88,Fischer,Léa,lea.fischer@example.com
89,Mahmoud,Mia,mia.mahmoud@example.com
90,Ricci,Luca,luca.ricci@example.com
91,Fischer,Noor,noor.fischer@example.com
92,Tanaka,Iker,iker.tanaka@example.com
93,Novak,Aarav,aarav.novak@example.com
94,Dimitrov,Kofi,kofi.dimitrov@example.com
95,Popov,Ethan,ethan.popov@example.com
96,Popov,Yuki,yuki.popov@example.com
97,Okafor,Camila,camila.okafor@example.com
98,Brown,Olivia,olivia.brown@example.com
99,Saleh,María,maria.saleh@example.com
100,Pérez,Lucía,lucia.perez@example.com
101,Rossi,Pedro,pedro.rossi@example.com
102,Schmidt,Olivia,olivia.schmidt@example.com
103,Saad,Valentina,valentina.saad@example.com
104,Suzuki,Noah,noah.suzuki@example.com
105,Okafor,Fatou,fatou.okafor@example.com
106,Castro,Ivana,ivana.castro@example.com
107,Fernández,Amelia,amelia.fernandez@example.com
108,Park,Amina,amina.park@example.com
109,Suzuki,Pedro,pedro.suzuki@example.com
110,Santos,Giulia,giulia.santos@example.com
111,Rossi,Olivia,olivia.rossi@example.com
112,Bernard,Eleni,eleni.bernard@example.com
113,Tanaka,Liam,liam.tanaka@example.com
114,Pérez,Youssef,youssef.perez@example.com
115,Kowalski,Anya,anya.kowalski@example.com
116,Rodríguez,Kofi,kofi.rodriguez@example.com
117,Traoré,Mia,mia.traore@example.com
118,Martin,Farah,farah.martin@example.com
119,Watanabe,Nadia,nadia.watanabe@example.com
120,Nguyen,Renata,renata.nguyen@example.com
121,Novak,Lucía,lucia.novak@example.com
122,Okafor,Charlotte,charlotte.okafor@example.com
123,Hassan,Mei,mei.hassan@example.com
124,Dimitrov,Mia,mia.dimitrov@example.com
125,Haddad,Mia,mia.haddad@example.com
126,Rossi,Mia,mia.rossi@example.com
127,Ionescu,Nikolai,nikolai.ionescu@example.com
128,Diop,Milos,milos.diop@example.com
129,Petrova,Mia,mia.petrova@example.com
130,Mensah,Emma,emma.mensah@example.com
131,Müller,Luca,luca.muller@example.com
132,Rodríguez,Sora,sora.rodriguez@example.com
133,Suzuki,Isabella,isabella.suzuki2@example.com
134,Johnson,Mateo,mateo.johnson@example.com
135,Nowak,Diego,diego.nowak@example.com
136,Watanabe,Omar,omar.watanabe@example.com
137,Haddad,Zuri,zuri.haddad@example.com
138,Watanabe,Sora,sora.watanabe@example.com
139,Walker,Santiago,santiago.walker@example.com
140,Mendoza,Jia,jia.mendoza@example.com
141,Fischer,Omar,omar.fischer@example.com
142,Mendoza,Hugo,hugo.mendoza@example.com
143,Fischer,Olivia,olivia.fischer@example.com
144,Hassan,Ivana,ivana.hassan@example.com
145,Watanabe,Jon,jon.watanabe@example.com
146,Aziz,Ethan,ethan.aziz@example.com
147,Suzuki,Luca,luca.suzuki@example.com
148,Nguyen,Malak,malak.nguyen@example.com
149,Santos,Aïcha,aicha.santos@example.com
150,Khan,Eleni,eleni.khan@example.com
151,Bernard,Milos,milos.bernard@example.com
152,Taylor,Jia,jia.taylor@example.com
153,Watanabe,Amelia,amelia.watanabe@example.com
154,Taylor,Ava,ava.taylor@example.com
155,Kim,Charlotte,charlotte.kim@example.com
156,Abebe,Diya,diya.abebe@example.com
157,Abebe,Zain,zain.abebe@example.com
158,Ionescu,Aiko,aiko.ionescu2@example.com
159,Sato,Anya,anya.sato@example.com
160,Smith,Noah,noah.smith@example.com
161,Park,Lucía,lucia.park@example.com
162,Martin,Mateo,mateo.martin@example.com
163,Walker,Noor,noor.walker@example.com
164,Diop,Aiko,aiko.diop@example.com
165,Fernández,José,jose.fernandez@example.com
166,Anderson,Hugo,hugo.anderson@example.com
167,Young,Giulia,giulia.young@example.com
168,Ricci,Eleni,eleni.ricci@example.com
169,Lewis,Malak,malak.lewis@example.com
170,Walker,María,maria.walker@example.com
171,Patel,Mateo,mateo.patel@example.com
172,Bianchi,Ali,ali.bianchi@example.com
173,Abebe,Yara,yara.abebe2@example.com
174,Taylor,Yuki,yuki.taylor@example.com
175,Pérez,Yara,yara.perez@example.com
176,Tanaka,Charlotte,charlotte.tanaka@example.com
177,Ndoye,Aïcha,aicha.ndoye@example.com
178,Moreau,Camila,camila.moreau@example.com
179,Barakat,Amadou,amadou.barakat@example.com
180,Suzuki,Camila,camila.suzuki@example.com
181,Diop,Ravi,ravi.diop@example.com
182,Karim,Noah,noah.karim@example.com
183,Popov,Sofia,sofia.popov@example.com
184,Ndlovu,Nia,nia.ndlovu@example.com
185,Aziz,Renata,renata.aziz@example.com
186,Mahmoud,Hana,hana.mahmoud@example.com
187,Moreau,Nia,nia.moreau@example.com
188,Rodríguez,Fatou,fatou.rodriguez@example.com
189,Park,Noor,noor.park@example.com
190,Park,Luca,luca.park@example.com
191,Petrova,Maya,maya.petrova@example.com
192,Ivanov,Valentina,valentina.ivanov@example.com
193,Moreau,Noor,noor.moreau@example.com
194,Watanabe,Ava,ava.watanabe@example.com
195,Watanabe,Amadou,amadou.watanabe@example.com
196,Taylor,Sofia,sofia.taylor@example.com
197,Aziz,María,maria.aziz@example.com
198,Silva,Omar,omar.silva@example.com
199,Anderson,Iker,iker.anderson@example.com
200,Okafor,Nadia,nadia.okafor@example.com
201,Bianchi,Haruto,haruto.bianchi@example.com
202,Martin,María,maria.martin@example.com
203,Ivanov,Greta,greta.ivanov@example.com
204,Fares,Kwame,kwame.fares@example.com
205,Müller,María,maria.muller@example.com
206,Haddad,Noor,noor.haddad@example.com
207,Khan,Isabella,isabella.khan@example.com
208,Patel,Jon,jon.patel@example.com
209,Khalil,Camila,camila.khalil@example.com
210,Tran,Valentina,valentina.tran@example.com
211,Okafor,Ethan,ethan.okafor@example.com
212,Karim,Diego,diego.karim@example.com
213,Khan,Amadou,amadou.khan@example.com
214,Martin,Valentina,valentina.martin@example.com
215,Nguyen,Jia,jia.nguyen@example.com
216,Silva,Zuri,zuri.silva@example.com
217,Torres,Layla,layla.torres@example.com
218,Santos,José,jose.santos@example.com
219,Petrova,Kofi,kofi.petrova@example.com
220,Traoré,Elena,elena.traore2@example.com
221,Nguyen,Emma,emma.nguyen@example.com
222,Barakat,Iker,iker.barakat@example.com
223,Tanaka,Liam,liam.tanaka2@example.com
224,Ali,Hana,hana.ali@example.com
225,Lewis,Kwame,kwame.lewis@example.com
226,Bianchi,Lucas,lucas.bianchi@example.com
227,Popov,Yuki,yuki.popov2@example.com
228,Mendoza,Giulia,giulia.mendoza@example.com
229,Okafor,Diego,diego.okafor@example.com
230,Papadopoulos,Nadia,nadia.papadopoulos@example.com
231,Suzuki,Valentina,valentina.suzuki@example.com
232,Martin,Mason,mason.martin@example.com
233,Fernández,Noah,noah.fernandez@example.com
234,Ndoye,Nia,nia.ndoye@example.com
235,Torres,Greta,greta.torres@example.com
236,Suzuki,Noah,noah.suzuki2@example.com
237,Mendoza,Isabella,isabella.mendoza@example.com
238,Torres,Amelia,amelia.torres@example.com
239,Haddad,Milos,milos.haddad@example.com
240,Ionescu,José,jose.ionescu@example.com
241,Castro,Lucía,lucia.castro@example.com
242,Popov,Aïcha,aicha.popov@example.com
243,Watanabe,Bruno,bruno.watanabe@example.com
244,Park,Yuki,yuki.park@example.com
245,Novak,Greta,greta.novak@example.com
246,Park,Sora,sora.park@example.com
247,Fischer,José,jose.fischer@example.com
248,Tanaka,Diya,diya.tanaka@example.com
249,Barakat,Ravi,ravi.barakat@example.com
250,Dimitrov,Omar,omar.dimitrov@example.com
251,Harris,Emma,emma.harris@example.com
252,Mahmoud,Charlotte,charlotte.mahmoud@example.com
253,Young,Nadia,nadia.young@example.com
254,Müller,Kofi,kofi.muller@example.com
255,Pérez,Diego,diego.perez@example.com
256,Dimitrov,Noor,noor.dimitrov@example.com
257,García,Pedro,pedro.garcia@example.com
258,Abebe,Mia,mia.abebe@example.com
259,Nasser,Diego,diego.nasser@example.com
260,Karim,Chloé,chloe.karim@example.com
261,Martin,Nikolai,nikolai.martin@example.com
262,Khan,Yara,yara.khan@example.com
263,García,Nadia,nadia.garcia@example.com
264,Dimitrov,Ivana,ivana.dimitrov@example.com
265,Novak,Nia,nia.novak@example.com
266,Kim,Nia,nia.kim@example.com
267,Novak,María,maria.novak@example.com
268,Nasser,Lucas,lucas.nasser@example.com
269,Rodríguez,Zain,zain.rodriguez@example.com
270,Torres,Youssef,youssef.torres@example.com
271,Ivanov,Ethan,ethan.ivanov@example.com
272,González,Lucas,lucas.gonzalez@example.com
273,Johnson,Lucas,lucas.johnson@example.com
274,Harris,Lucía,lucia.harris@example.com
275,Mensah,Pedro,pedro.mensah@example.com
276,Watanabe,Noah,noah.watanabe@example.com
277,Khalil,Farah,farah.khalil@example.com
278,Mendoza,Kofi,kofi.mendoza@example.com
279,Saad,Layla,layla.saad@example.com
280,Park,Farah,farah.park2@example.com
281,Sato,Diego,diego.sato@example.com
282,Popov,Emma,emma.popov@example.com
283,Dimitrov,Chloé,chloe.dimitrov@example.com
284,Aziz,Noah,noah.aziz@example.com
285,Müller,Nia,nia.muller2@example.com
286,Moreau,Mateo,mateo.moreau@example.com
287,Ndlovu,Yuki,yuki.ndlovu@example.com
288,Young,Chloé,chloe.young@example.com
289,Walker,Sora,sora.walker@example.com
290,Anderson,Elena,elena.anderson@example.com
291,Torres,Kofi,kofi.torres@example.com
292,Zaher,Haruto,haruto.zaher@example.com
293,Anderson,Youssef,youssef.anderson@example.com
294,Patel,Aïcha,aicha.patel@example.com
295,Moreau,Noah,noah.moreau@example.com
296,Karim,Hana,hana.karim@example.com
297,Ndlovu,Santiago,santiago.ndlovu@example.com
298,Suzuki,Giulia,giulia.suzuki@example.com
299,Khan,Noah,noah.khan2@example.com
300,Bianchi,Isabella,isabella.bianchi@example.com
301,Ivanov,Maya,maya.ivanov@example.com
302,Zaher,Lucía,lucia.zaher@example.com
303,Ionescu,Luca,luca.ionescu@example.com
304,Bernard,Zain,zain.bernard@example.com
305,Novak,Diego,diego.novak@example.com
306,Silva,Noah,noah.silva@example.com
307,Mendoza,Ali,ali.mendoza@example.com
308,Silva,Charlotte,charlotte.silva@example.com
309,Nowak,Amadou,amadou.nowak@example.com
310,Ivanov,Ravi,ravi.ivanov@example.com
311,Torres,Nikolai,nikolai.torres@example.com
312,Kim,María,maria.kim@example.com
313,Suzuki,Layla,layla.suzuki@example.com
314,Park,Liam,liam.park@example.com
315,Suzuki,Bruno,bruno.suzuki@example.com
316,Karim,Pedro,pedro.karim2@example.com
317,Moreau,Zain,zain.moreau@example.com
318,Khalil,Marta,marta.khalil@example.com
319,Novak,Amina,amina.novak@example.com
320,Saleh,Kofi,kofi.saleh@example.com
321,Saad,Aiko,aiko.saad@example.com
322,Park,Aarav,aarav.park@example.com
323,Nowak,Hugo,hugo.nowak@example.com
324,Johnson,Fatou,fatou.johnson@example.com
325,Pérez,Sora,sora.perez@example.com
326,Tanaka,Anya,anya.tanaka@example.com
327,Novak,Elena,elena.novak@example.com
328,Dubois,Bruno,bruno.dubois@example.com
329,Tran,Liam,liam.tran@example.com
330,Rodríguez,Nia,nia.rodriguez@example.com
331,Patel,Yuki,yuki.patel@example.com
332,Popov,Malak,malak.popov@example.com
333,Aziz,Milos,milos.aziz@example.com
334,Barakat,Lucía,lucia.barakat@example.com
335,Mendoza,Yara,yara.mendoza@example.com
336,Patel,Ravi,ravi.patel@example.com
337,Mahmoud,Haruto,haruto.mahmoud@example.com
338,Okafor,Isabella,isabella.okafor@example.com
339,Clark,Omar,omar.clark@example.com
340,Mensah,Ivana,ivana.mensah@example.com
341,Hassan,Fatou,fatou.hassan@example.com
342,Park,Nikolai,nikolai.park@example.com
343,Nguyen,Milos,milos.nguyen@example.com
344,Okafor,Olivia,olivia.okafor@example.com
345,Mahmoud,Mei,mei.mahmoud@example.com
346,Ndoye,Ali,ali.ndoye@example.com
347,Bernard,Jia,jia.bernard@example.com
348,Walker,Ivana,ivana.walker@example.com
349,Bianchi,Aarav,aarav.bianchi@example.com
350,Tran,Noah,noah.tran@example.com
351,Novak,Ethan,ethan.novak@example.com
352,Bernard,Noah,noah.bernard@example.com
353,Popov,Diya,diya.popov@example.com
354,Santos,Nikolai,nikolai.santos@example.com
355,Mensah,Zain,zain.mensah@example.com
356,Sato,Noah,noah.sato@example.com
357,Anderson,Nikolai,nikolai.anderson@example.com
358,Rodríguez,Luca,luca.rodriguez@example.com
359,Fischer,Anya,anya.fischer@example.com
360,Young,Noah,noah.young@example.com
361,Khan,Charlotte,charlotte.khan@example.com
362,Suzuki,Emma,emma.suzuki@example.com
363,García,Isabella,isabella.garcia@example.com
364,Nowak,Nia,nia.nowak@example.com
365,Castro,Farah,farah.castro@example.com
366,Khan,José,jose.khan@example.com
367,Patel,Lucía,lucia.patel@example.com
368,Brown,Mia,mia.brown@example.com
369,Hassan,Zuri,zuri.hassan@example.com
370,Johnson,Aiko,aiko.johnson@example.com
371,Tanaka,Aïcha,aicha.tanaka@example.com
372,Fischer,Amadou,amadou.fischer@example.com
373,Martin,Aïcha,aicha.martin@example.com
374,Castro,Camila,camila.castro@example.com
375,Tran,Elena,elena.tran@example.com
376,Mahmoud,Sofia,sofia.mahmoud@example.com
377,Nguyen,Diya,diya.nguyen@example.com
378,Fischer,Renata,renata.fischer@example.com
379,Watanabe,Thandi,thandi.watanabe@example.com
380,Fernández,Kwame,kwame.fernandez@example.com
381,Dimitrov,Ava,ava.dimitrov@example.com
382,Young,Nia,nia.young@example.com
383,Lewis,Ravi,ravi.lewis@example.com
384,Schmidt,Giulia,giulia.schmidt@example.com
385,Patel,Youssef,youssef.patel@example.com
386,Santos,Diya,diya.santos@example.com
387,Torres,Isabella,isabella.torres@example.com
388,Rodríguez,Jia,jia.rodriguez@example.com
389,Ionescu,Ravi,ravi.ionescu@example.com
390,Papadopoulos,Eleni,eleni.papadopoulos@example.com
391,Johnson,José,jose.johnson@example.com
392,Silva,Mateo,mateo.silva@example.com
393,Sato,Layla,layla.sato@example.com
394,Smith,Lucas,lucas.smith@example.com
395,Dubois,Thandi,thandi.dubois@example.com
396,Bianchi,Ravi,ravi.bianchi@example.com
397,Popov,Amadou,amadou.popov@example.com
398,Santos,Greta,greta.santos@example.com
399,Mensah,Aarav,aarav.mensah@example.com
400,Novak,María,maria.novak2@example.com
401,Popov,Liam,liam.popov@example.com
402,Pérez,Maya,maya.perez@example.com
403,Khalil,Noor,noor.khalil@example.com
404,Diop,Noah,noah.diop@example.com
405,Pérez,Noor,noor.perez@example.com
406,Nguyen,Marta,marta.nguyen@example.com
407,Ricci,Valentina,valentina.ricci@example.com
408,Smith,Renata,renata.smith@example.com
409,Sato,Omar,omar.sato@example.com
410,Anderson,Layla,layla.anderson@example.com
411,Petrova,Valentina,valentina.petrova@example.com
412,Dimitrov,Léa,lea.dimitrov@example.com
413,Pérez,Pedro,pedro.perez@example.com
414,Okafor,Noah,noah.okafor@example.com
415,Fares,Greta,greta.fares@example.com
416,Santos,Marta,marta.santos@example.com
417,Abebe,Noah,noah.abebe@example.com
418,Walker,Ravi,ravi.walker@example.com
419,Santos,Diya,diya.santos2@example.com
420,Clark,Anya,anya.clark@example.com
421,Tanaka,Lucas,lucas.tanaka@example.com
422,Patel,Aïcha,aicha.patel2@example.com
423,Pérez,Hugo,hugo.perez@example.com
424,Ali,Liam,liam.ali@example.com
425,Torres,Ava,ava.torres@example.com
426,Young,Isabella,isabella.young@example.com
427,Tran,Marta,marta.tran@example.com
428,Kim,Iker,iker.kim@example.com
429,Kowalski,Diego,diego.kowalski@example.com
430,Suzuki,Elena,elena.suzuki@example.com
431,Lewis,Renata,renata.lewis@example.com
432,Okafor,Nadia,nadia.okafor2@example.com
433,Harris,Iker,iker.harris@example.com
434,Park,Luca,luca.park2@example.com
435,Saad,Diego,diego.saad@example.com
436,Kim,Jon,jon.kim@example.com
437,Nguyen,Léa,lea.nguyen@example.com
438,Novak,Jia,jia.novak@example.com
439,Castro,Charlotte,charlotte.castro@example.com
440,Kowalski,Ivana,ivana.kowalski@example.com
441,Barakat,Maya,maya.barakat@example.com
442,Karim,Eleni,eleni.karim@example.com
443,Khalil,Renata,renata.khalil@example.com
444,Tanaka,Fatou,fatou.tanaka@example.com
445,Mahmoud,Nadia,nadia.mahmoud@example.com
446,Bianchi,Camila,camila.bianchi@example.com
447,Popov,Omar,omar.popov@example.com
448,Nasser,Farah,farah.nasser@example.com
449,Papadopoulos,Charlotte,charlotte.papadopoulos@example.com
450,Walker,Sofia,sofia.walker@example.com
451,Barakat,Jon,jon.barakat@example.com
452,Santos,Olivia,olivia.santos@example.com
453,Horváth,Olivia,olivia.horvath@example.com
454,Bernard,Renata,renata.bernard@example.com
455,Pérez,Mason,mason.perez@example.com
456,Fischer,Charlotte,charlotte.fischer@example.com
457,Watanabe,Elena,elena.watanabe@example.com
458,González,Zain,zain.gonzalez@example.com
459,Barakat,Emma,emma.barakat@example.com
460,Karim,Ivana,ivana.karim@example.com
461,Novak,Omar,omar.novak@example.com
462,Ricci,Eleni,eleni.ricci2@example.com
463,Tanaka,Luca,luca.tanaka@example.com
464,Mahmoud,Diya,diya.mahmoud@example.com
465,Silva,Liam,liam.silva@example.com
466,Brown,Olivia,olivia.brown2@example.com
467,Traoré,José,jose.traore@example.com
468,Moreau,Jia,jia.moreau@example.com
469,Khalil,Mateo,mateo.khalil@example.com
470,Tran,Mia,mia.tran@example.com
471,Zaher,Yara,yara.zaher@example.com
472,Lewis,María,maria.lewis@example.com
473,Horváth,Yuki,yuki.horvath@example.com
474,Mensah,Camila,camila.mensah@example.com
475,Ndoye,Youssef,youssef.ndoye@example.com
476,Karim,Emma,emma.karim@example.com
477,Papadopoulos,Sora,sora.papadopoulos@example.com
478,Mahmoud,Mason,mason.mahmoud@example.com
479,Sato,Pedro,pedro.sato@example.com
480,Sato,Renata,renata.sato@example.com
481,Torres,Hugo,hugo.torres@example.com
482,Dimitrov,Diya,diya.dimitrov@example.com
483,Fischer,Aïcha,aicha.fischer@example.com
484,Aziz,José,jose.aziz@example.com
485,Fernández,Jia,jia.fernandez@example.com
486,Mendoza,Haruto,haruto.mendoza@example.com
487,Ndlovu,Jia,jia.ndlovu@example.com
488,Kowalski,Nadia,nadia.kowalski@example.com
489,Tanaka,Noah,noah.tanaka@example.com
490,Saleh,Farah,farah.saleh@example.com
491,Tran,Mei,mei.tran@example.com
492,González,Chloé,chloe.gonzalez@example.com
493,Bernard,Aarav,aarav.bernard@example.com
494,Papadopoulos,Noah,noah.papadopoulos@example.com
495,Mahmoud,Diya,diya.mahmoud2@example.com
496,Ali,Yara,yara.ali@example.com
497,Sato,Fatou,fatou.sato@example.com
498,Brown,Amelia,amelia.brown@example.com
499,Patel,Mateo,mateo.patel2@example.com
500,Ricci,José,jose.ricci@example.com
501,Walker,Ali,ali.walker@example.com
502,Tran,Liam,liam.tran2@example.com
503,García,Layla,layla.garcia@example.com
504,Ndlovu,Amadou,amadou.ndlovu@example.com
505,Dimitrov,Ethan,ethan.dimitrov@example.com
506,Horváth,Ali,ali.horvath@example.com
507,Kim,Jon,jon.kim2@example.com
508,Sato,Youssef,youssef.sato@example.com
509,Tran,Nikolai,nikolai.tran@example.com
510,Anderson,Zain,zain.anderson@example.com
511,Fischer,Pedro,pedro.fischer@example.com
512,Ali,Mason,mason.ali@example.com
513,Fares,Santiago,santiago.fares@example.com
514,González,Liam,liam.gonzalez@example.com
515,Watanabe,Hugo,hugo.watanabe@example.com
516,Clark,Ivana,ivana.clark2@example.com
517,Zaher,Renata,renata.zaher@example.com
518,Karim,Aiko,aiko.karim@example.com
519,Taylor,Malak,malak.taylor@example.com
520,Popov,Thandi,thandi.popov@example.com
521,Khalil,Lucas,lucas.khalil@example.com
522,Müller,Nia,nia.muller3@example.com
523,Khan,Pedro,pedro.khan@example.com
524,Anderson,Camila,camila.anderson@example.com
525,Bianchi,Amelia,amelia.bianchi@example.com
526,Khan,Sofia,sofia.khan@example.com
527,Anderson,Marta,marta.anderson@example.com
528,Tanaka,Olivia,olivia.tanaka@example.com
529,Harris,Ivana,ivana.harris@example.com
530,Mendoza,Nadia,nadia.mendoza@example.com
531,Dimitrov,Malak,malak.dimitrov@example.com
532,Young,Diego,diego.young@example.com
533,Brown,Diego,diego.brown@example.com
534,Pérez,Anya,anya.perez@example.com
535,Ricci,Aarav,aarav.ricci@example.com
536,Hassan,Malak,malak.hassan@example.com
537,Santos,José,jose.santos2@example.com
538,Fares,Sora,sora.fares@example.com
539,Zaher,Olivia,olivia.zaher@example.com
540,Saleh,Eleni,eleni.saleh@example.com
541,González,Mia,mia.gonzalez@example.com
542,Okafor,Aarav,aarav.okafor@example.com
543,Mendoza,Isabella,isabella.mendoza2@example.com
544,Hassan,Liam,liam.hassan2@example.com
545,Rossi,Chloé,chloe.rossi@example.com
546,Suzuki,Noor,noor.suzuki@example.com
547,Abebe,Ethan,ethan.abebe@example.com
548,Abebe,Luca,luca.abebe@example.com
549,Mahmoud,Kofi,kofi.mahmoud@example.com
550,Lewis,Noor,noor.lewis@example.com
551,Park,Léa,lea.park@example.com
552,Walker,Mason,mason.walker@example.com
553,Sato,Eleni,eleni.sato@example.com
554,Anderson,Amadou,amadou.anderson@example.com
555,Walker,Lucas,lucas.walker@example.com
556,Saleh,Hugo,hugo.saleh@example.com
557,Khalil,Sora,sora.khalil@example.com
558,Ndoye,Chloé,chloe.ndoye@example.com
559,Rossi,Aiko,aiko.rossi@example.com
560,García,Ethan,ethan.garcia@example.com
561,Anderson,Milos,milos.anderson@example.com
562,Popov,Luca,luca.popov@example.com
563,Fares,Bruno,bruno.fares@example.com
564,Taylor,Iker,iker.taylor@example.com
565,Ionescu,Bruno,bruno.ionescu@example.com
566,Bianchi,Nia,nia.bianchi@example.com
567,Khan,Greta,greta.khan@example.com
568,Moreau,Renata,renata.moreau@example.com
569,Kowalski,Mia,mia.kowalski@example.com
570,Fernández,Valentina,valentina.fernandez@example.com
571,Novak,Noah,noah.novak@example.com
572,Fischer,José,jose.fischer2@example.com
573,Khalil,Emma,emma.khalil@example.com
574,Müller,Mason,mason.muller@example.com
575,Park,Ethan,ethan.park@example.com
576,Karim,Layla,layla.karim@example.com
577,Tran,Milos,milos.tran@example.com
578,Ionescu,Renata,renata.ionescu@example.com
579,Brown,María,maria.brown@example.com
580,Hassan,Ava,ava.hassan@example.com
581,Castro,María,maria.castro@example.com
582,Pérez,Thandi,thandi.perez@example.com
583,Mendoza,Zain,zain.mendoza@example.com
584,García,Valentina,valentina.garcia@example.com
585,Haddad,Olivia,olivia.haddad@example.com
586,Haddad,Lucía,lucia.haddad@example.com
587,Zaher,Haruto,haruto.zaher2@example.com
588,Popov,Charlotte,charlotte.popov@example.com
589,Smith,Luca,luca.smith@example.com
590,Smith,Emma,emma.smith@example.com
591,Brown,María,maria.brown2@example.com
592,Walker,Malak,malak.walker@example.com
593,Barakat,Mia,mia.barakat@example.com
594,Pérez,Isabella,isabella.perez@example.com
595,Fernández,Yara,yara.fernandez@example.com
596,Nguyen,Noah,noah.nguyen@example.com
597,Saleh,Hana,hana.saleh@example.com
598,Ionescu,Noah,noah.ionescu@example.com
599,Young,Kofi,kofi.young@example.com
600,Ali,Nikolai,nikolai.ali@example.com
601,Aziz,Noah,noah.aziz2@example.com
602,Anderson,Malak,malak.anderson@example.com
603,Ali,Aarav,aarav.ali@example.com
604,Moreau,Lucía,lucia.moreau@example.com
605,Moreau,Ravi,ravi.moreau@example.com
606,Kim,Amina,amina.kim@example.com
607,Saad,Hana,hana.saad@example.com
608,Martin,Maya,maya.martin@example.com
609,Lewis,Amina,amina.lewis@example.com
610,Müller,Valentina,valentina.muller@example.com
611,Moreau,Mason,mason.moreau@example.com
612,Horváth,Liam,liam.horvath@example.com
613,Karim,Kofi,kofi.karim@example.com
614,Mendoza,Diego,diego.mendoza@example.com
615,Diop,Zain,zain.diop@example.com
616,Patel,Malak,malak.patel@example.com
617,Johnson,Layla,layla.johnson@example.com
618,Young,Noah,noah.young2@example.com
619,Rossi,Aïcha,aicha.rossi@example.com
620,Kim,Emma,emma.kim@example.com
621,Fernández,José,jose.fernandez2@example.com
622,Santos,Anya,anya.santos@example.com
623,Kim,Diego,diego.kim@example.com
624,Petrova,Kofi,kofi.petrova2@example.com
625,Aziz,Ava,ava.aziz@example.com
626,Anderson,María,maria.anderson@example.com
627,Novak,Diya,diya.novak@example.com
628,Patel,Milos,milos.patel@example.com
629,Ali,Mateo,mateo.ali@example.com
630,Schmidt,Santiago,santiago.schmidt@example.com
631,Abebe,Léa,lea.abebe@example.com
632,Hassan,Jia,jia.hassan@example.com
633,Sato,Amelia,amelia.sato@example.com
634,Khalil,Mei,mei.khalil@example.com
635,Martin,Isabella,isabella.martin@example.com
636,Silva,Marta,marta.silva@example.com
637,Walker,Amadou,amadou.walker@example.com
638,Ivanov,Farah,farah.ivanov@example.com
639,Ionescu,Thandi,thandi.ionescu2@example.com
640,Fischer,Yara,yara.fischer@example.com
641,Bianchi,Santiago,santiago.bianchi@example.com
642,Dubois,María,maria.dubois@example.com
643,Fischer,Renata,renata.fischer2@example.com
644,Fernández,Omar,omar.fernandez@example.com
645,García,Valentina,valentina.garcia2@example.com
646,Anderson,Mei,mei.anderson@example.com
647,Dubois,Valentina,valentina.dubois@example.com
648,Traoré,Layla,layla.traore@example.com
649,Fares,Renata,renata.fares2@example.com
650,Silva,Liam,liam.silva2@example.com
651,Suzuki,Noah,noah.suzuki3@example.com
652,Rodríguez,María,maria.rodriguez@example.com
653,Johnson,Milos,milos.johnson@example.com
654,Patel,Santiago,santiago.patel@example.com
655,Ali,Zain,zain.ali@example.com
656,Traoré,Noor,noor.traore@example.com
657,Petrova,Giulia,giulia.petrova@example.com
658,Horváth,Ava,ava.horvath@example.com
659,Okafor,Iker,iker.okafor@example.com
660,Aziz,Maya,maya.aziz@example.com
661,Tanaka,Mason,mason.tanaka@example.com
662,Lewis,Noah,noah.lewis@example.com
663,Ndlovu,Haruto,haruto.ndlovu@example.com
664,Young,Amadou,amadou.young@example.com
665,Ndoye,Giulia,giulia.ndoye@example.com
666,Torres,Marta,marta.torres@example.com
667,Khalil,Bruno,bruno.khalil@example.com
668,Young,Omar,omar.young@example.com
669,Müller,José,jose.muller@example.com
670,Santos,Elena,elena.santos@example.com
671,Park,Jia,jia.park@example.com
672,Saleh,Mia,mia.saleh@example.com
673,Fischer,Jon,jon.fischer@example.com
674,Torres,Hana,hana.torres@example.com
675,Ricci,Bruno,bruno.ricci@example.com
676,Zaher,Mia,mia.zaher@example.com
677,Fischer,Diya,diya.fischer@example.com
678,Ionescu,Liam,liam.ionescu@example.com
679,Torres,Nadia,nadia.torres@example.com
680,Castro,Mateo,mateo.castro@example.com
681,Khalil,Fatou,fatou.khalil@example.com
682,Ionescu,Elena,elena.ionescu@example.com
683,Schmidt,Charlotte,charlotte.schmidt@example.com
684,Taylor,Bruno,bruno.taylor@example.com
685,Johnson,Zain,zain.johnson@example.com
686,Ndoye,Jon,jon.ndoye@example.com
687,Suzuki,Mateo,mateo.suzuki@example.com
688,Santos,José,jose.santos3@example.com
689,Nowak,Milos,milos.nowak@example.com
690,Fares,Aïcha,aicha.fares@example.com
691,Nguyen,Malak,malak.nguyen2@example.com
692,Pérez,Nadia,nadia.perez@example.com
693,Rossi,Zain,zain.rossi@example.com
694,Müller,Noor,noor.muller@example.com
695,Brown,Noor,noor.brown@example.com
696,Nguyen,Nadia,nadia.nguyen@example.com
697,Young,Haruto,haruto.young@example.com
698,Johnson,Noor,noor.johnson@example.com
699,Aziz,Mason,mason.aziz@example.com
700,González,Hana,hana.gonzalez@example.com
701,Johnson,Ethan,ethan.johnson@example.com
702,Karim,Hana,hana.karim2@example.com
703,Walker,Noor,noor.walker2@example.com
704,Smith,Milos,milos.smith@example.com
705,Petrova,Lucía,lucia.petrova@example.com
706,Dubois,Ali,ali.dubois@example.com
707,Patel,Ali,ali.patel2@example.com
708,Hassan,Amina,amina.hassan@example.com
709,Novak,Zain,zain.novak@example.com
710,Ali,Fatou,fatou.ali@example.com
711,Young,Amelia,amelia.young@example.com
712,Tran,Giulia,giulia.tran@example.com
713,Ionescu,Olivia,olivia.ionescu@example.com
714,Horváth,Eleni,eleni.horvath@example.com
715,Saad,Sofia,sofia.saad@example.com
716,Karim,Ethan,ethan.karim@example.com
717,Diop,Charlotte,charlotte.diop2@example.com
718,Traoré,Amina,amina.traore@example.com
719,Bianchi,José,jose.bianchi@example.com
720,Fares,Camila,camila.fares@example.com
721,Santos,Sora,sora.santos@example.com
722,Castro,Diya,diya.castro@example.com
723,Ivanov,Thandi,thandi.ivanov@example.com
724,Patel,Sora,sora.patel@example.com
725,Okafor,Elena,elena.okafor@example.com
726,Santos,Malak,malak.santos2@example.com
727,Nguyen,Pedro,pedro.nguyen@example.com
728,Ionescu,Farah,farah.ionescu@example.com
729,García,Milos,milos.garcia@example.com
730,Ndlovu,Aïcha,aicha.ndlovu@example.com
731,Sato,Amelia,amelia.sato2@example.com
732,Kowalski,Noah,noah.kowalski@example.com
733,Taylor,Malak,malak.taylor2@example.com
734,Clark,Greta,greta.clark@example.com
735,Johnson,Diya,diya.johnson@example.com
736,Kim,Aïcha,aicha.kim@example.com
737,Petrova,Bruno,bruno.petrova@example.com
738,Silva,Mason,mason.silva@example.com
739,Ali,Liam,liam.ali2@example.com
740,Aziz,Bruno,bruno.aziz@example.com
741,García,Lucas,lucas.garcia@example.com
742,González,Noah,noah.gonzalez@example.com
743,Zaher,Jon,jon.zaher@example.com
744,Nasser,Sora,sora.nasser@example.com
745,Zaher,Emma,emma.zaher@example.com
746,Moreau,Nia,nia.moreau2@example.com
747,Brown,Omar,omar.brown@example.com
748,Lewis,Noor,noor.lewis2@example.com
749,Ricci,Amelia,amelia.ricci@example.com
750,Popov,Diya,diya.popov2@example.com
751,Popov,Amelia,amelia.popov@example.com
752,Martin,Bruno,bruno.martin@example.com
753,Dubois,Emma,emma.dubois@example.com
754,Hassan,Haruto,haruto.hassan@example.com
755,Horváth,Charlotte,charlotte.horvath@example.com
756,Anderson,Lucía,lucia.anderson@example.com
757,Tanaka,Diya,diya.tanaka2@example.com
758,Clark,Jia,jia.clark@example.com
759,Tanaka,Noah,noah.tanaka2@example.com
760,Mendoza,Diego,diego.mendoza2@example.com
761,Anderson,Luca,luca.anderson@example.com
762,Ivanov,Marta,marta.ivanov@example.com
763,Petrova,Chloé,chloe.petrova@example.com
764,Lewis,Sora,sora.lewis@example.com
765,Fernández,Mei,mei.fernandez@example.com
766,Saleh,Léa,lea.saleh@example.com
767,García,Sora,sora.garcia@example.com
768,Johnson,Amina,amina.johnson@example.com
769,Fares,Milos,milos.fares@example.com
770,Horváth,Luca,luca.horvath@example.com
771,Ionescu,Eleni,eleni.ionescu@example.com
772,Dubois,Jon,jon.dubois@example.com
773,Popov,Nadia,nadia.popov@example.com
774,Nasser,Mateo,mateo.nasser@example.com
775,Sato,Malak,malak.sato@example.com
776,Saleh,Chloé,chloe.saleh@example.com
777,Aziz,Luca,luca.aziz@example.com
778,Taylor,Sora,sora.taylor@example.com
779,Harris,Noor,noor.harris@example.com
780,Saleh,Mateo,mateo.saleh@example.com
781,Saad,Eleni,eleni.saad@example.com
782,Torres,Amadou,amadou.torres@example.com
783,Mensah,Nikolai,nikolai.mensah@example.com
784,Müller,Amelia,amelia.muller@example.com
785,Ricci,Renata,renata.ricci@example.com
786,Ndlovu,Mei,mei.ndlovu@example.com
787,Ndlovu,Mateo,mateo.ndlovu@example.com
788,Haddad,Mateo,mateo.haddad@example.com
789,Petrova,Hana,hana.petrova@example.com
790,Dimitrov,Santiago,santiago.dimitrov@example.com
791,Sato,Elena,elena.sato@example.com
792,Okafor,Sofia,sofia.okafor@example.com
793,Saleh,Diya,diya.saleh@example.com
794,Barakat,Noah,noah.barakat@example.com
795,Clark,Ravi,ravi.clark@example.com
796,Silva,Malak,malak.silva@example.com
797,Santos,Valentina,valentina.santos@example.com
798,Saad,Nadia,nadia.saad@example.com
799,Papadopoulos,Amina,amina.papadopoulos@example.com
800,Zaher,Marta,marta.zaher@example.com
801,Kim,Greta,greta.kim@example.com
802,Fernández,Emma,emma.fernandez@example.com
803,Silva,Emma,emma.silva@example.com
804,Dimitrov,Amina,amina.dimitrov@example.com
805,Khalil,Mei,mei.khalil2@example.com
806,Johnson,Noah,noah.johnson@example.com
807,Tran,Layla,layla.tran@example.com
808,Castro,Hana,hana.castro@example.com
809,Traoré,Lucía,lucia.traore@example.com
810,Aziz,José,jose.aziz2@example.com
811,Bianchi,Bruno,bruno.bianchi@example.com
812,Silva,Yara,yara.silva@example.com
813,Schmidt,Aarav,aarav.schmidt@example.com
814,Rodríguez,Giulia,giulia.rodriguez@example.com
815,Petrova,Ali,ali.petrova@example.com
816,Moreau,Aïcha,aicha.moreau@example.com
817,Santos,Mason,mason.santos@example.com
818,Walker,Sofia,sofia.walker2@example.com
819,Tanaka,Luca,luca.tanaka2@example.com
820,Fares,Ali,ali.fares@example.com
821,Ricci,Nadia,nadia.ricci@example.com
822,Castro,Charlotte,charlotte.castro2@example.com
823,Zaher,Malak,malak.zaher@example.com
824,Fischer,José,jose.fischer3@example.com
825,Horváth,Amelia,amelia.horvath@example.com
826,González,Ali,ali.gonzalez@example.com
827,Park,Omar,omar.park@example.com
828,Anderson,Yuki,yuki.anderson@example.com
829,Mensah,Lucas,lucas.mensah@example.com
830,Nowak,Marta,marta.nowak@example.com
831,Clark,Nadia,nadia.clark@example.com
832,Watanabe,Aiko,aiko.watanabe@example.com
833,Hassan,Bruno,bruno.hassan@example.com
834,Novak,Diya,diya.novak2@example.com
835,Clark,Kwame,kwame.clark@example.com
836,Fischer,Amelia,amelia.fischer@example.com
837,Ndoye,Bruno,bruno.ndoye@example.com
838,Smith,José,jose.smith@example.com
839,Aziz,Omar,omar.aziz@example.com
840,Dimitrov,Luca,luca.dimitrov@example.com
841,Khan,Mei,mei.khan@example.com
842,Ndoye,Aïcha,aicha.ndoye2@example.com
843,Petrova,Ali,ali.petrova2@example.com
844,Clark,Nia,nia.clark@example.com
845,Harris,Kwame,kwame.harris@example.com
846,Papadopoulos,Sora,sora.papadopoulos2@example.com
847,Fares,Lucas,lucas.fares@example.com
848,Torres,Malak,malak.torres@example.com
849,Smith,Ethan,ethan.smith@example.com
850,Patel,Luca,luca.patel@example.com
851,Kowalski,Santiago,santiago.kowalski@example.com
852,Pérez,Milos,milos.perez@example.com
853,Fischer,Camila,camila.fischer@example.com
854,Haddad,Ethan,ethan.haddad@example.com
855,Castro,Giulia,giulia.castro@example.com
856,Nowak,Pedro,pedro.nowak@example.com
857,Walker,Maya,maya.walker@example.com
858,Walker,Amina,amina.walker@example.com
859,Ionescu,María,maria.ionescu@example.com
860,Clark,Mia,mia.clark@example.com
861,Young,Greta,greta.young@example.com
862,Traoré,Jia,jia.traore@example.com
863,Khalil,Aïcha,aicha.khalil@example.com
864,Aziz,Nia,nia.aziz@example.com
865,Nguyen,Greta,greta.nguyen@example.com
866,Sato,Emma,emma.sato@example.com
867,Park,Kwame,kwame.park@example.com
868,Khan,Ethan,ethan.khan@example.com
869,Smith,Ivana,ivana.smith@example.com
870,Traoré,Jon,jon.traore@example.com
871,Traoré,Charlotte,charlotte.traore@example.com
872,Bianchi,Zain,zain.bianchi@example.com
873,Johnson,Lucas,lucas.johnson2@example.com
874,Watanabe,Mateo,mateo.watanabe@example.com
875,García,Zuri,zuri.garcia@example.com
876,Papadopoulos,Lucas,lucas.papadopoulos@example.com
877,Tran,Eleni,eleni.tran@example.com
878,Kowalski,Jia,jia.kowalski@example.com
879,Rodríguez,Yuki,yuki.rodriguez@example.com
880,Mendoza,Jia,jia.mendoza2@example.com
881,Schmidt,Giulia,giulia.schmidt2@example.com
882,Santos,Aïcha,aicha.santos2@example.com
883,Kowalski,Diego,diego.kowalski2@example.com
884,Abebe,Pedro,pedro.abebe@example.com
885,Lewis,Zain,zain.lewis@example.com
886,Haddad,Omar,omar.haddad@example.com
887,Rodríguez,Maya,maya.rodriguez@example.com
888,Zaher,Ethan,ethan.zaher@example.com
889,Taylor,Iker,iker.taylor2@example.com
890,Tanaka,Omar,omar.tanaka@example.com
891,Clark,Pedro,pedro.clark@example.com
892,Castro,Ravi,ravi.castro@example.com
893,Lewis,Yuki,yuki.lewis@example.com
894,Rossi,Olivia,olivia.rossi2@example.com
895,Nasser,Mei,mei.nasser@example.com
896,Suzuki,Diego,diego.suzuki@example.com
897,Khalil,Aïcha,aicha.khalil2@example.com
898,Okafor,Omar,omar.okafor@example.com
899,Papadopoulos,Aïcha,aicha.papadopoulos@example.com
900,Torres,Iker,iker.torres@example.com
901,Patel,Marta,marta.patel@example.com
902,Dubois,Marta,marta.dubois@example.com
903,González,Liam,liam.gonzalez2@example.com
904,Mendoza,Jon,jon.mendoza@example.com
905,Hassan,Sora,sora.hassan@example.com
906,Rossi,Yara,yara.rossi@example.com
907,Nguyen,Noah,noah.nguyen2@example.com
908,Popov,Marta,marta.popov@example.com
909,Ivanov,Diya,diya.ivanov@example.com
910,Taylor,Hugo,hugo.taylor@example.com
911,Harris,María,maria.harris@example.com
912,Fares,Aiko,aiko.fares@example.com
913,Fares,Valentina,valentina.fares@example.com
914,Rodríguez,Mateo,mateo.rodriguez@example.com
915,Okafor,Noah,noah.okafor2@example.com
916,Nguyen,Ali,ali.nguyen@example.com
917,Nasser,Giulia,giulia.nasser@example.com
918,Castro,Jon,jon.castro@example.com
919,Clark,Aarav,aarav.clark@example.com
920,Brown,Ethan,ethan.brown@example.com
921,Zaher,Santiago,santiago.zaher@example.com
922,Fares,Zain,zain.fares@example.com
923,Ndlovu,Mason,mason.ndlovu@example.com
924,Rodríguez,Iker,iker.rodriguez@example.com
925,Bianchi,Jon,jon.bianchi@example.com
926,Ricci,Mateo,mateo.ricci@example.com
927,Barakat,Amelia,amelia.barakat@example.com
928,Nowak,Elena,elena.nowak@example.com
929,Young,Renata,renata.young@example.com
930,Harris,Iker,iker.harris2@example.com
931,Haddad,Layla,layla.haddad@example.com
932,González,Aïcha,aicha.gonzalez@example.com
933,Saad,Jia,jia.saad@example.com
934,Petrova,Jon,jon.petrova@example.com
935,Novak,Ivana,ivana.novak@example.com
936,Popov,Jia,jia.popov@example.com
937,Zaher,Chloé,chloe.zaher@example.com
938,Anderson,Noor,noor.anderson@example.com
939,Patel,Diego,diego.patel@example.com
940,Popov,Lucas,lucas.popov@example.com
941,Mahmoud,Aiko,aiko.mahmoud@example.com
942,Kowalski,Noah,noah.kowalski2@example.com
943,Horváth,Youssef,youssef.horvath@example.com
944,Lewis,Farah,farah.lewis@example.com
945,Ricci,Yuki,yuki.ricci@example.com
946,Okafor,Ava,ava.okafor@example.com
947,Santos,Chloé,chloe.santos@example.com
948,García,Omar,omar.garcia@example.com
949,Pérez,Charlotte,charlotte.perez@example.com
950,Pérez,Zuri,zuri.perez@example.com
951,Popov,Jon,jon.popov@example.com
952,Harris,Mia,mia.harris@example.com
953,Abebe,Greta,greta.abebe@example.com
954,Kowalski,Layla,layla.kowalski@example.com
955,Karim,Milos,milos.karim@example.com
956,Ndoye,Omar,omar.ndoye@example.com
957,Ivanov,Renata,renata.ivanov@example.com
958,Dimitrov,Zain,zain.dimitrov@example.com
959,Watanabe,Yara,yara.watanabe@example.com
960,Okafor,Nikolai,nikolai.okafor@example.com
961,Park,Yuki,yuki.park2@example.com
962,Ali,Jia,jia.ali@example.com
963,Nguyen,Jia,jia.nguyen2@example.com
964,Novak,Zuri,zuri.novak@example.com
965,Kowalski,Omar,omar.kowalski@example.com
966,Park,Maya,maya.park@example.com
967,Clark,Diya,diya.clark@example.com
968,Karim,Eleni,eleni.karim2@example.com
969,Aziz,Santiago,santiago.aziz@example.com
970,Tran,Mason,mason.tran@example.com
971,Nguyen,Mateo,mateo.nguyen@example.com
972,Aziz,Emma,emma.aziz@example.com
973,Sato,José,jose.sato@example.com
974,Hassan,Nikolai,nikolai.hassan@example.com
975,Ivanov,Kwame,kwame.ivanov@example.com
976,Kim,Ravi,ravi.kim@example.com
977,Taylor,Amelia,amelia.taylor@example.com
978,Suzuki,Sora,sora.suzuki@example.com
979,Horváth,Noah,noah.horvath@example.com
980,Mahmoud,Nia,nia.mahmoud@example.com
981,Brown,Noah,noah.brown@example.com
982,Barakat,Camila,camila.barakat@example.com
983,Brown,Elena,elena.brown@example.com
984,Martin,Amelia,amelia.martin@example.com
985,Pérez,Aïcha,aicha.perez@example.com
986,Kowalski,Elena,elena.kowalski@example.com
987,Nguyen,Kwame,kwame.nguyen@example.com
988,Nguyen,Layla,layla.nguyen@example.com
989,Smith,Mia,mia.smith@example.com
990,Ivanov,Thandi,thandi.ivanov2@example.com
991,Ndoye,Sofia,sofia.ndoye@example.com
992,Ndoye,Diego,diego.ndoye@example.com
993,González,Sofia,sofia.gonzalez@example.com
994,Mensah,Marta,marta.mensah@example.com
995,Ricci,Mei,mei.ricci@example.com
996,Khan,Hugo,hugo.khan@example.com
997,Barakat,Noah,noah.barakat2@example.com
998,Mendoza,Diya,diya.mendoza@example.com
999,Horváth,Eleni,eleni.horvath2@example.com
1000,Harris,Marta,marta.harris@example.com
