id_festivalier,id_concert,type_billet,date_achat
1,2,Pass journée,2025-08-08
1,1,Pass journée,2025-08-24
1,5,Billet simple,2025-08-22
2,9,Pass semaine,2025-08-02
2,2,Billet simple,2025-08-03
2,10,Pass journée,2025-08-08
3,10,Pass journée,2025-08-23
3,1,Pass semaine,2025-08-08
3,9,Pass semaine,2025-08-19
4,1,Pass semaine,2025-08-11
4,3,Pass week-end,2025-08-05
5,6,Billet simple,2025-08-03
6,2,Pass week-end,2025-08-20
6,6,Pass week-end,2025-08-26
7,12,Pass semaine,2025-08-18
8,7,Billet simple,2025-08-18
9,11,Pass week-end,2025-08-19
9,10,Pass journée,2025-08-23
10,1,Pass journée,2025-08-25
11,2,Billet simple,2025-08-13
11,4,Pass week-end,2025-08-15
12,6,Pass week-end,2025-08-07
12,3,Pass week-end,2025-08-23
12,12,Billet simple,2025-08-20
13,3,Pass journée,2025-08-15
13,9,Pass semaine,2025-08-09
13,4,Pass journée,2025-08-22
14,1,Billet simple,2025-08-26
14,4,Pass week-end,2025-08-13
15,2,Pass week-end,2025-08-07
15,4,Pass semaine,2025-08-13
16,8,Pass journée,2025-08-08
16,3,Pass week-end,2025-08-24
16,5,Pass semaine,2025-08-29
17,7,Pass journée,2025-08-17
17,6,Pass semaine,2025-08-03
17,4,Billet simple,2025-08-28
18,3,Pass journée,2025-08-26
19,7,Pass semaine,2025-08-13
19,10,Pass semaine,2025-08-17
19,2,Pass week-end,2025-08-18
20,11,Billet simple,2025-08-22
21,5,Billet simple,2025-08-10
21,11,Pass semaine,2025-08-06
21,6,Pass semaine,2025-08-01
22,12,Pass journée,2025-08-17
22,5,Billet simple,2025-08-28
22,9,Pass week-end,2025-08-27
23,9,Pass journée,2025-08-12
23,10,Pass journée,2025-08-18
23,4,Billet simple,2025-08-20
24,8,Billet simple,2025-08-30
24,1,Pass week-end,2025-08-29
25,4,Pass journée,2025-08-29
25,1,Billet simple,2025-08-03
26,8,Pass journée,2025-08-05
26,2,Pass semaine,2025-08-18
26,9,Pass journée,2025-08-09
27,10,Pass journée,2025-08-23
27,7,Pass week-end,2025-08-13
27,4,Pass week-end,2025-08-15
28,8,Pass journée,2025-08-03
28,2,Pass week-end,2025-08-01
28,4,Pass journée,2025-08-19
29,1,Billet simple,2025-08-23
30,1,Billet simple,2025-08-28
30,4,Pass week-end,2025-08-03
30,2,Pass journée,2025-08-09
31,8,Pass journée,2025-08-24
31,4,Pass semaine,2025-08-08
31,9,Pass semaine,2025-08-26
32,4,Billet simple,2025-08-22
32,2,Pass semaine,2025-08-12
33,7,Billet simple,2025-08-22
33,8,Billet simple,2025-08-02
34,12,Billet simple,2025-08-08
34,6,Pass journée,2025-08-07
35,8,Pass journée,2025-08-09
35,3,Pass semaine,2025-08-08
35,7,Billet simple,2025-08-15
36,2,Billet simple,2025-08-03
36,1,Pass journée,2025-08-06
36,9,Pass semaine,2025-08-16
37,4,Billet simple,2025-08-06
37,7,Pass semaine,2025-08-01
38,5,Pass week-end,2025-08-14
38,8,Pass semaine,2025-08-05
39,5,Pass journée,2025-08-02
40,12,Pass week-end,2025-08-02
40,9,Billet simple,2025-08-19
40,1,Pass semaine,2025-08-17
41,3,Billet simple,2025-08-28
41,1,Pass journée,2025-08-03
41,9,Billet simple,2025-08-22
42,7,Billet simple,2025-08-29
43,4,Billet simple,2025-08-20
43,10,Billet simple,2025-08-14
43,11,Pass week-end,2025-08-30
44,4,Pass week-end,2025-08-08
44,11,Pass week-end,2025-08-13
45,11,Pass week-end,2025-08-15
46,2,Pass semaine,2025-08-20
46,1,Billet simple,2025-08-03
47,4,Pass journée,2025-08-30
47,9,Pass week-end,2025-08-29
47,5,Billet simple,2025-08-29
48,6,Pass week-end,2025-08-06
49,9,Billet simple,2025-08-22
49,5,Pass week-end,2025-08-30
50,2,Billet simple,2025-08-29
50,3,Billet simple,2025-08-24
50,5,Pass journée,2025-08-09
51,10,Pass week-end,2025-08-07
51,4,Pass week-end,2025-08-17
52,5,Billet simple,2025-08-21
52,1,Pass semaine,2025-08-27
53,1,Pass week-end,2025-08-25
53,12,Pass journée,2025-08-21
54,3,Pass semaine,2025-08-18
54,8,Billet simple,2025-08-04
55,12,Pass journée,2025-08-18
56,6,Pass journée,2025-08-14
57,1,Pass week-end,2025-08-12
58,6,Pass journée,2025-08-22
59,11,Billet simple,2025-08-12
60,7,Pass journée,2025-08-28
60,10,Pass journée,2025-08-26
60,3,Pass journée,2025-08-29
61,1,Pass week-end,2025-08-26
61,3,Pass semaine,2025-08-26
62,12,Pass journée,2025-08-26
62,4,Billet simple,2025-08-13
62,5,Billet simple,2025-08-28
63,4,Pass semaine,2025-08-12
63,12,Pass week-end,2025-08-27
64,4,Billet simple,2025-08-22
65,7,Pass week-end,2025-08-09
66,5,Pass week-end,2025-08-21
67,7,Pass week-end,2025-08-01
67,11,Billet simple,2025-08-29
67,9,Pass week-end,2025-08-06
68,5,Pass semaine,2025-08-12
68,1,Pass week-end,2025-08-14
68,2,Billet simple,2025-08-13
69,4,Pass semaine,2025-08-01
69,5,Pass journée,2025-08-12
69,1,Pass semaine,2025-08-03
70,6,Billet simple,2025-08-24
70,10,Pass week-end,2025-08-17
70,12,Pass week-end,2025-08-22
71,6,Pass week-end,2025-08-18
71,7,Pass journée,2025-08-07
72,11,Pass journée,2025-08-20
72,7,Pass week-end,2025-08-13
73,1,Pass journée,2025-08-14
73,5,Pass week-end,2025-08-15
73,11,Pass semaine,2025-08-15
74,4,Pass journée,2025-08-22
74,9,Billet simple,2025-08-10
74,8,Pass week-end,2025-08-03
75,11,Pass week-end,2025-08-08
76,3,Billet simple,2025-08-02
77,8,Billet simple,2025-08-15
78,11,Pass journée,2025-08-23
78,10,Pass semaine,2025-08-16
79,4,Billet simple,2025-08-29
79,3,Billet simple,2025-08-25
80,4,Pass semaine,2025-08-02
80,3,Pass journée,2025-08-30
81,8,Pass journée,2025-08-26
82,11,Pass week-end,2025-08-25
82,9,Pass semaine,2025-08-20
83,9,Pass semaine,2025-08-29
83,7,Pass journée,2025-08-24
83,12,Pass semaine,2025-08-15
84,4,Pass week-end,2025-08-25
84,11,Pass semaine,2025-08-21
85,5,Pass semaine,2025-08-03
86,5,Pass week-end,2025-08-11
86,4,Billet simple,2025-08-05
86,12,Pass journée,2025-08-08
87,12,Pass journée,2025-08-03
87,3,Pass semaine,2025-08-14
88,9,Pass semaine,2025-08-02
88,8,Pass journée,2025-08-27
89,7,Billet simple,2025-08-28
89,10,Pass semaine,2025-08-16
90,6,Pass week-end,2025-08-25
91,7,Pass journée,2025-08-16
91,9,Pass journée,2025-08-09
92,8,Pass semaine,2025-08-11
92,1,Pass semaine,2025-08-24
93,8,Pass journée,2025-08-20
94,1,Billet simple,2025-08-03
94,7,Pass semaine,2025-08-05
94,10,Pass semaine,2025-08-06
95,5,Pass semaine,2025-08-11
96,8,Pass week-end,2025-08-11
97,5,Pass week-end,2025-08-27
97,7,Billet simple,2025-08-16
98,12,Billet simple,2025-08-12
99,11,Billet simple,2025-08-25
100,1,Pass journée,2025-08-27
100,12,Billet simple,2025-08-20
100,4,Pass journée,2025-08-08
101,8,Billet simple,2025-08-19
102,8,Pass week-end,2025-08-25
103,3,Billet simple,2025-08-25
103,10,Pass journée,2025-08-10
104,10,Billet simple,2025-08-30
105,10,Pass semaine,2025-08-13
105,11,Pass journée,2025-08-03
106,12,Billet simple,2025-08-23
106,11,Pass week-end,2025-08-28
106,4,Billet simple,2025-08-26
107,1,Pass semaine,2025-08-22
107,6,Pass week-end,2025-08-03
107,9,Pass week-end,2025-08-01
108,8,Pass semaine,2025-08-12
108,2,Pass semaine,2025-08-23
109,7,Pass journée,2025-08-24
110,11,Pass semaine,2025-08-15
110,5,Pass semaine,2025-08-27
110,10,Pass week-end,2025-08-11
111,2,Pass week-end,2025-08-29
112,4,Pass semaine,2025-08-11
112,8,Billet simple,2025-08-16
113,3,Pass journée,2025-08-12
113,8,Pass week-end,2025-08-11
114,10,Billet simple,2025-08-17
114,5,Pass journée,2025-08-03
115,12,Pass semaine,2025-08-16
116,4,Pass semaine,2025-08-26
116,8,Billet simple,2025-08-03
116,11,Pass week-end,2025-08-08
117,12,Pass week-end,2025-08-22
117,4,Pass week-end,2025-08-16
118,9,Pass week-end,2025-08-12
118,6,Pass semaine,2025-08-09
118,7,Pass week-end,2025-08-09
119,2,Pass journée,2025-08-11
120,12,Pass journée,2025-08-07
121,12,Pass semaine,2025-08-09
122,10,Pass week-end,2025-08-04
122,9,Pass journée,2025-08-10
122,12,Pass journée,2025-08-12
123,5,Billet simple,2025-08-23
124,3,Billet simple,2025-08-18
124,5,Pass week-end,2025-08-23
124,1,Pass journée,2025-08-21
125,2,Pass week-end,2025-08-16
125,1,Pass semaine,2025-08-15
126,3,Pass week-end,2025-08-28
126,1,Pass semaine,2025-08-04
127,7,Pass semaine,2025-08-03
128,11,Pass journée,2025-08-05
128,12,Pass week-end,2025-08-03
128,1,Pass journée,2025-08-04
129,7,Pass journée,2025-08-25
129,10,Pass semaine,2025-08-15
129,11,Pass semaine,2025-08-10
130,7,Billet simple,2025-08-20
130,5,Billet simple,2025-08-25
130,10,Pass journée,2025-08-21
131,5,Billet simple,2025-08-06
132,3,Billet simple,2025-08-06
133,7,Pass semaine,2025-08-23
134,8,Pass journée,2025-08-10
134,5,Pass week-end,2025-08-23
134,1,Pass semaine,2025-08-03
135,4,Pass journée,2025-08-14
135,5,Billet simple,2025-08-18
135,10,Pass journée,2025-08-21
136,5,Pass journée,2025-08-03
137,3,Pass week-end,2025-08-20
138,10,Billet simple,2025-08-15
138,5,Pass week-end,2025-08-23
138,8,Pass semaine,2025-08-09
139,9,Billet simple,2025-08-20
139,8,Billet simple,2025-08-29
139,11,Pass semaine,2025-08-24
140,10,Billet simple,2025-08-03
140,5,Pass journée,2025-08-22
141,10,Billet simple,2025-08-25
141,1,Pass journée,2025-08-16
141,5,Pass semaine,2025-08-30
142,3,Pass semaine,2025-08-21
142,10,Pass semaine,2025-08-03
143,6,Pass week-end,2025-08-11
143,7,Billet simple,2025-08-28
144,6,Pass semaine,2025-08-23
145,5,Pass semaine,2025-08-27
145,11,Billet simple,2025-08-15
146,6,Pass week-end,2025-08-11
147,7,Billet simple,2025-08-22
148,8,Pass journée,2025-08-17
148,7,Pass week-end,2025-08-20
148,1,Pass semaine,2025-08-21
149,1,Pass week-end,2025-08-18
149,4,Pass journée,2025-08-30
150,8,Billet simple,2025-08-01
150,12,Pass journée,2025-08-23
151,5,Billet simple,2025-08-18
152,2,Billet simple,2025-08-15
152,4,Billet simple,2025-08-21
153,8,Pass week-end,2025-08-17
154,5,Pass semaine,2025-08-08
154,7,Pass semaine,2025-08-18
154,8,Pass journée,2025-08-13
155,10,Pass journée,2025-08-28
156,5,Pass semaine,2025-08-11
157,5,Pass week-end,2025-08-27
157,1,Pass semaine,2025-08-28
157,12,Pass journée,2025-08-15
158,8,Pass semaine,2025-08-15
158,6,Pass week-end,2025-08-28
158,11,Pass journée,2025-08-23
159,10,Pass semaine,2025-08-08
160,1,Pass semaine,2025-08-23
160,6,Pass semaine,2025-08-13
161,11,Billet simple,2025-08-05
161,3,Pass week-end,2025-08-28
161,8,Billet simple,2025-08-28
162,2,Pass semaine,2025-08-01
162,9,Pass journée,2025-08-14
163,3,Pass week-end,2025-08-11
163,2,Pass semaine,2025-08-21
163,8,Billet simple,2025-08-28
164,11,Pass semaine,2025-08-11
164,9,Pass semaine,2025-08-28
165,1,Pass journée,2025-08-21
165,10,Pass week-end,2025-08-08
165,2,Billet simple,2025-08-14
166,11,Billet simple,2025-08-15
167,12,Pass week-end,2025-08-29
168,1,Pass week-end,2025-08-26
169,5,Pass week-end,2025-08-12
170,3,Pass semaine,2025-08-19
170,4,Pass journée,2025-08-06
171,2,Pass semaine,2025-08-20
172,4,Pass journée,2025-08-08
172,8,Pass semaine,2025-08-21
172,10,Pass week-end,2025-08-15
173,11,Pass semaine,2025-08-29
173,1,Pass week-end,2025-08-22
174,3,Pass week-end,2025-08-19
174,2,Pass week-end,2025-08-21
174,8,Pass semaine,2025-08-23
175,8,Pass journée,2025-08-13
175,5,Pass semaine,2025-08-04
176,7,Pass week-end,2025-08-19
177,12,Billet simple,2025-08-27
177,5,Pass semaine,2025-08-09
178,10,Billet simple,2025-08-30
179,12,Pass journée,2025-08-20
179,8,Pass week-end,2025-08-08
179,5,Pass journée,2025-08-20
180,11,Pass journée,2025-08-21
180,12,Billet simple,2025-08-29
181,11,Pass semaine,2025-08-02
181,1,Pass week-end,2025-08-24
181,5,Pass journée,2025-08-03
182,6,Pass journée,2025-08-07
182,7,Pass journée,2025-08-26
183,6,Pass week-end,2025-08-27
183,9,Pass journée,2025-08-09
183,11,Pass semaine,2025-08-26
184,12,Billet simple,2025-08-15
184,6,Billet simple,2025-08-05
185,11,Pass semaine,2025-08-28
186,6,Billet simple,2025-08-09
186,2,Billet simple,2025-08-15
186,7,Pass week-end,2025-08-22
187,11,Pass semaine,2025-08-27
187,5,Pass week-end,2025-08-04
187,10,Pass journée,2025-08-16
188,10,Pass week-end,2025-08-30
189,4,Pass semaine,2025-08-30
189,11,Pass week-end,2025-08-21
189,2,Pass semaine,2025-08-04
190,1,Billet simple,2025-08-10
191,2,Pass journée,2025-08-29
191,12,Pass journée,2025-08-13
192,6,Pass semaine,2025-08-19
192,11,Pass journée,2025-08-29
193,11,Pass semaine,2025-08-20
193,2,Pass semaine,2025-08-09
194,12,Pass week-end,2025-08-07
195,8,Pass week-end,2025-08-04
195,4,Pass week-end,2025-08-18
196,6,Pass week-end,2025-08-07
196,1,Billet simple,2025-08-28
196,7,Pass semaine,2025-08-03
197,4,Billet simple,2025-08-02
197,11,Pass week-end,2025-08-08
197,10,Pass journée,2025-08-26
198,4,Pass journée,2025-08-19
198,2,Pass journée,2025-08-27
198,9,Pass journée,2025-08-11
199,10,Billet simple,2025-08-09
200,3,Pass week-end,2025-08-26
201,2,Billet simple,2025-08-05
202,6,Pass journée,2025-08-19
203,1,Pass week-end,2025-08-02
203,3,Pass journée,2025-08-24
204,9,Billet simple,2025-08-16
204,2,Pass semaine,2025-08-25
205,9,Billet simple,2025-08-15
205,10,Pass journée,2025-08-20
206,12,Pass week-end,2025-08-15
207,1,Pass semaine,2025-08-14
207,12,Billet simple,2025-08-16
207,8,Pass semaine,2025-08-03
208,6,Pass journée,2025-08-03
209,5,Pass week-end,2025-08-13
210,9,Pass semaine,2025-08-04
210,5,Billet simple,2025-08-28
210,8,Pass journée,2025-08-14
211,4,Pass week-end,2025-08-27
211,7,Pass semaine,2025-08-13
212,12,Pass week-end,2025-08-14
212,2,Pass week-end,2025-08-22
213,6,Pass semaine,2025-08-03
213,3,Billet simple,2025-08-27
214,2,Pass semaine,2025-08-04
215,12,Billet simple,2025-08-19
215,6,Pass week-end,2025-08-22
215,3,Billet simple,2025-08-14
216,11,Billet simple,2025-08-10
216,7,Pass week-end,2025-08-12
217,10,Pass journée,2025-08-05
218,8,Pass week-end,2025-08-28
218,4,Pass week-end,2025-08-04
218,2,Pass week-end,2025-08-19
219,7,Billet simple,2025-08-20
220,12,Pass journée,2025-08-09
220,5,Pass week-end,2025-08-30
220,1,Pass week-end,2025-08-12
221,3,Pass journée,2025-08-19
222,7,Billet simple,2025-08-03
222,2,Pass journée,2025-08-13
222,3,Pass semaine,2025-08-15
223,3,Pass week-end,2025-08-24
223,6,Pass week-end,2025-08-25
224,10,Pass journée,2025-08-06
224,2,Billet simple,2025-08-22
224,1,Billet simple,2025-08-09
225,11,Pass semaine,2025-08-20
225,7,Pass semaine,2025-08-14
226,4,Billet simple,2025-08-12
226,9,Pass semaine,2025-08-04
227,11,Pass semaine,2025-08-17
227,12,Pass week-end,2025-08-02
228,7,Billet simple,2025-08-01
229,5,Pass journée,2025-08-25
230,5,Pass week-end,2025-08-11
231,1,Pass semaine,2025-08-24
232,3,Pass semaine,2025-08-18
232,12,Pass journée,2025-08-17
233,11,Pass semaine,2025-08-28
233,6,Billet simple,2025-08-14
233,2,Billet simple,2025-08-15
234,6,Pass semaine,2025-08-19
235,12,Pass semaine,2025-08-10
235,11,Billet simple,2025-08-13
236,6,Pass journée,2025-08-26
237,8,Pass semaine,2025-08-28
237,6,Billet simple,2025-08-08
237,2,Pass semaine,2025-08-19
238,9,Pass semaine,2025-08-28
238,2,Pass week-end,2025-08-24
239,4,Pass journée,2025-08-03
239,6,Billet simple,2025-08-17
240,4,Pass journée,2025-08-08
240,6,Billet simple,2025-08-05
240,11,Pass week-end,2025-08-07
241,10,Pass journée,2025-08-25
242,2,Pass semaine,2025-08-25
242,3,Pass semaine,2025-08-22
242,8,Pass week-end,2025-08-28
243,6,Billet simple,2025-08-16
243,3,Pass semaine,2025-08-21
243,8,Pass week-end,2025-08-26
244,10,Pass week-end,2025-08-17
244,1,Billet simple,2025-08-10
245,8,Billet simple,2025-08-12
245,1,Pass week-end,2025-08-03
246,2,Pass semaine,2025-08-15
246,10,Billet simple,2025-08-15
246,11,Pass journée,2025-08-11
247,8,Billet simple,2025-08-15
247,9,Billet simple,2025-08-26
247,3,Pass week-end,2025-08-23
248,9,Pass journée,2025-08-02
249,12,Pass semaine,2025-08-15
250,9,Pass week-end,2025-08-12
250,10,Pass week-end,2025-08-13
250,3,Pass semaine,2025-08-25
251,11,Billet simple,2025-08-26
251,10,Pass week-end,2025-08-03
252,2,Pass semaine,2025-08-10
252,9,Pass week-end,2025-08-24
253,10,Billet simple,2025-08-19
253,3,Pass journée,2025-08-30
253,6,Pass week-end,2025-08-10
254,12,Pass journée,2025-08-20
254,11,Billet simple,2025-08-10
254,7,Pass semaine,2025-08-21
255,3,Billet simple,2025-08-21
255,11,Pass semaine,2025-08-17
256,1,Pass week-end,2025-08-06
256,6,Pass journée,2025-08-11
257,4,Pass journée,2025-08-05
257,12,Billet simple,2025-08-10
258,9,Billet simple,2025-08-22
259,10,Pass semaine,2025-08-05
259,3,Pass journée,2025-08-06
260,10,Billet simple,2025-08-14
260,3,Pass week-end,2025-08-22
260,8,Pass journée,2025-08-15
261,5,Pass journée,2025-08-10
261,8,Pass semaine,2025-08-29
261,4,Pass journée,2025-08-12
262,10,Pass week-end,2025-08-25
262,8,Pass semaine,2025-08-17
262,11,Pass semaine,2025-08-06
263,10,Pass journée,2025-08-28
264,1,Pass semaine,2025-08-28
264,11,Pass week-end,2025-08-18
265,12,Billet simple,2025-08-10
266,3,Pass week-end,2025-08-15
267,3,Pass journée,2025-08-27
267,7,Pass semaine,2025-08-29
267,2,Pass week-end,2025-08-30
268,7,Billet simple,2025-08-13
269,6,Billet simple,2025-08-12
269,4,Pass journée,2025-08-01
269,7,Pass week-end,2025-08-30
270,12,Pass week-end,2025-08-26
271,3,Billet simple,2025-08-10
272,12,Pass semaine,2025-08-15
272,3,Billet simple,2025-08-29
273,1,Pass week-end,2025-08-07
274,9,Pass semaine,2025-08-04
275,4,Billet simple,2025-08-02
275,5,Pass journée,2025-08-14
276,10,Billet simple,2025-08-27
276,8,Pass semaine,2025-08-20
276,2,Billet simple,2025-08-21
277,10,Pass week-end,2025-08-14
277,4,Billet simple,2025-08-20
277,3,Pass week-end,2025-08-08
278,7,Pass week-end,2025-08-03
278,3,Billet simple,2025-08-13
278,2,Pass semaine,2025-08-02
279,7,Billet simple,2025-08-12
279,6,Billet simple,2025-08-12
279,5,Pass journée,2025-08-24
280,11,Pass week-end,2025-08-05
280,2,Billet simple,2025-08-12
280,10,Pass week-end,2025-08-27
281,3,Pass semaine,2025-08-21
281,11,Pass journée,2025-08-26
281,8,Pass journée,2025-08-03
282,8,Pass journée,2025-08-02
282,1,Pass journée,2025-08-29
282,5,Billet simple,2025-08-11
283,9,Pass semaine,2025-08-09
283,7,Billet simple,2025-08-25
284,4,Billet simple,2025-08-28
284,5,Pass week-end,2025-08-09
284,6,Billet simple,2025-08-26
285,7,Pass semaine,2025-08-29
285,12,Pass semaine,2025-08-11
286,8,Pass semaine,2025-08-12
287,5,Billet simple,2025-08-14
287,2,Pass journée,2025-08-18
287,7,Pass week-end,2025-08-11
288,2,Pass week-end,2025-08-22
289,5,Pass semaine,2025-08-06
289,8,Pass semaine,2025-08-12
290,1,Pass semaine,2025-08-09
290,6,Billet simple,2025-08-03
291,11,Pass journée,2025-08-01
291,7,Pass journée,2025-08-28
291,6,Pass semaine,2025-08-02
292,2,Pass journée,2025-08-25
293,6,Billet simple,2025-08-20
293,12,Pass journée,2025-08-22
293,7,Pass semaine,2025-08-12
294,8,Pass journée,2025-08-17
294,2,Pass week-end,2025-08-13
295,11,Pass journée,2025-08-04
295,5,Billet simple,2025-08-24
296,8,Pass semaine,2025-08-30
297,2,Pass semaine,2025-08-07
297,5,Pass week-end,2025-08-23
297,11,Pass semaine,2025-08-07
298,3,Billet simple,2025-08-15
299,12,Pass semaine,2025-08-03
300,6,Billet simple,2025-08-18
300,11,Pass week-end,2025-08-29
300,12,Pass week-end,2025-08-28
301,12,Pass journée,2025-08-26
302,9,Billet simple,2025-08-07
302,4,Pass journée,2025-08-08
303,1,Pass week-end,2025-08-15
303,6,Pass journée,2025-08-20
304,2,Pass week-end,2025-08-13
305,12,Pass semaine,2025-08-25
305,8,Pass semaine,2025-08-27
305,9,Billet simple,2025-08-05
306,11,Pass semaine,2025-08-15
306,2,Pass week-end,2025-08-05
307,11,Pass journée,2025-08-14
307,10,Billet simple,2025-08-27
307,3,Billet simple,2025-08-17
308,5,Pass journée,2025-08-06
309,12,Pass week-end,2025-08-17
309,4,Pass week-end,2025-08-28
310,5,Pass journée,2025-08-21
311,5,Billet simple,2025-08-17
311,3,Pass journée,2025-08-19
311,12,Pass journée,2025-08-06
312,10,Billet simple,2025-08-27
312,12,Billet simple,2025-08-03
312,6,Billet simple,2025-08-21
313,5,Pass semaine,2025-08-20
313,11,Billet simple,2025-08-16
313,4,Pass week-end,2025-08-21
314,8,Pass semaine,2025-08-10
314,4,Pass semaine,2025-08-03
315,1,Pass semaine,2025-08-16
315,3,Pass semaine,2025-08-07
315,8,Pass week-end,2025-08-20
316,6,Pass week-end,2025-08-24
317,7,Pass week-end,2025-08-17
317,3,Billet simple,2025-08-11
318,8,Billet simple,2025-08-09
319,4,Billet simple,2025-08-02
319,3,Pass week-end,2025-08-13
320,7,Pass week-end,2025-08-30
320,4,Pass week-end,2025-08-07
320,3,Pass journée,2025-08-16
321,8,Pass semaine,2025-08-01
321,12,Billet simple,2025-08-13
321,5,Pass semaine,2025-08-08
322,10,Pass week-end,2025-08-02
323,5,Pass semaine,2025-08-20
324,11,Billet simple,2025-08-28
324,8,Billet simple,2025-08-14
324,5,Pass journée,2025-08-29
325,12,Pass semaine,2025-08-12
325,6,Billet simple,2025-08-13
326,10,Pass journée,2025-08-12
327,5,Pass semaine,2025-08-25
327,2,Pass week-end,2025-08-27
327,7,Billet simple,2025-08-05
328,7,Pass week-end,2025-08-26
329,9,Pass journée,2025-08-07
329,6,Pass semaine,2025-08-17
330,1,Billet simple,2025-08-05
331,6,Pass semaine,2025-08-05
331,8,Pass journée,2025-08-11
331,9,Pass week-end,2025-08-06
332,10,Pass week-end,2025-08-17
332,5,Pass semaine,2025-08-23
333,5,Pass week-end,2025-08-11
333,8,Billet simple,2025-08-14
333,1,Pass week-end,2025-08-26
334,12,Pass semaine,2025-08-09
334,11,Pass journée,2025-08-24
334,1,Billet simple,2025-08-19
335,3,Pass semaine,2025-08-05
335,9,Pass journée,2025-08-02
336,12,Billet simple,2025-08-15
336,2,Pass week-end,2025-08-14
336,4,Pass journée,2025-08-14
337,4,Pass semaine,2025-08-28
337,7,Billet simple,2025-08-23
337,9,Pass journée,2025-08-17
338,9,Pass week-end,2025-08-22
339,9,Pass week-end,2025-08-06
339,7,Pass semaine,2025-08-30
340,6,Pass week-end,2025-08-20
340,9,Pass semaine,2025-08-07
340,12,Pass journée,2025-08-09
341,5,Pass week-end,2025-08-23
341,4,Pass journée,2025-08-23
341,12,Pass semaine,2025-08-11
342,6,Pass week-end,2025-08-10
342,9,Billet simple,2025-08-19
343,9,Pass week-end,2025-08-25
343,7,Pass journée,2025-08-10
343,11,Billet simple,2025-08-10
344,2,Pass week-end,2025-08-24
344,6,Pass semaine,2025-08-07
344,8,Pass journée,2025-08-27
345,5,Pass journée,2025-08-04
345,9,Pass journée,2025-08-08
345,12,Billet simple,2025-08-22
346,4,Billet simple,2025-08-04
346,11,Pass semaine,2025-08-11
346,12,Pass semaine,2025-08-04
347,3,Pass journée,2025-08-14
347,1,Pass semaine,2025-08-16
347,9,Pass journée,2025-08-25
348,6,Billet simple,2025-08-30
348,5,Billet simple,2025-08-21
349,4,Pass journée,2025-08-14
349,9,Pass journée,2025-08-30
349,1,Billet simple,2025-08-27
350,8,Pass week-end,2025-08-29
350,3,Billet simple,2025-08-01
351,10,Billet simple,2025-08-30
351,12,Pass week-end,2025-08-10
352,11,Pass semaine,2025-08-29
352,9,Pass journée,2025-08-28
353,8,Billet simple,2025-08-11
353,5,Pass journée,2025-08-24
353,4,Pass semaine,2025-08-21
354,12,Billet simple,2025-08-24
354,3,Pass week-end,2025-08-26
355,10,Pass journée,2025-08-06
355,11,Pass semaine,2025-08-27
356,9,Billet simple,2025-08-13
356,6,Billet simple,2025-08-06
357,8,Pass week-end,2025-08-30
358,1,Pass week-end,2025-08-13
359,8,Pass week-end,2025-08-11
360,10,Billet simple,2025-08-09
360,12,Pass week-end,2025-08-23
361,1,Billet simple,2025-08-15
362,3,Pass week-end,2025-08-23
362,7,Billet simple,2025-08-21
363,6,Pass journée,2025-08-08
363,10,Pass journée,2025-08-16
364,8,Pass week-end,2025-08-14
365,9,Pass journée,2025-08-25
365,8,Pass journée,2025-08-22
365,12,Billet simple,2025-08-17
366,9,Billet simple,2025-08-30
366,6,Billet simple,2025-08-02
367,9,Pass journée,2025-08-06
367,4,Pass week-end,2025-08-28
367,10,Pass semaine,2025-08-04
368,4,Billet simple,2025-08-29
368,10,Pass semaine,2025-08-26
368,8,Billet simple,2025-08-15
369,9,Pass semaine,2025-08-15
370,1,Pass week-end,2025-08-24
370,9,Billet simple,2025-08-13
370,8,Pass week-end,2025-08-27
371,12,Pass journée,2025-08-19
372,1,Pass semaine,2025-08-12
373,2,Billet simple,2025-08-30
373,9,Pass semaine,2025-08-02
373,1,Pass week-end,2025-08-14
374,3,Pass semaine,2025-08-12
375,8,Pass semaine,2025-08-03
375,7,Pass journée,2025-08-21
376,2,Pass semaine,2025-08-17
376,3,Pass journée,2025-08-24
377,1,Billet simple,2025-08-10
378,11,Pass semaine,2025-08-18
378,9,Pass semaine,2025-08-27
379,4,Pass semaine,2025-08-12
380,5,Pass journée,2025-08-30
381,2,Billet simple,2025-08-08
381,1,Pass journée,2025-08-03
381,7,Billet simple,2025-08-20
382,8,Billet simple,2025-08-08
383,1,Pass journée,2025-08-18
383,7,Pass journée,2025-08-25
383,8,Billet simple,2025-08-05
384,5,Pass week-end,2025-08-19
384,4,Pass week-end,2025-08-08
384,10,Pass week-end,2025-08-29
385,11,Pass journée,2025-08-14
386,5,Pass journée,2025-08-21
386,1,Pass semaine,2025-08-18
387,1,Pass semaine,2025-08-26
387,6,Pass week-end,2025-08-23
388,7,Pass week-end,2025-08-13
388,3,Pass journée,2025-08-25
389,8,Pass week-end,2025-08-28
389,4,Pass journée,2025-08-26
389,11,Pass semaine,2025-08-30
390,9,Pass semaine,2025-08-14
391,9,Pass journée,2025-08-09
391,3,Pass journée,2025-08-11
391,7,Billet simple,2025-08-30
392,6,Pass journée,2025-08-02
392,2,Pass week-end,2025-08-13
393,10,Billet simple,2025-08-07
393,12,Pass journée,2025-08-16
393,1,Pass journée,2025-08-28
394,5,Pass journée,2025-08-30
394,1,Pass journée,2025-08-24
395,12,Pass semaine,2025-08-30
396,12,Pass journée,2025-08-13
397,9,Pass week-end,2025-08-25
398,7,Pass week-end,2025-08-10
398,8,Pass week-end,2025-08-12
399,8,Pass semaine,2025-08-25
399,12,Pass week-end,2025-08-30
399,2,Pass journée,2025-08-12
400,7,Pass journée,2025-08-24
400,1,Pass journée,2025-08-01
401,9,Pass semaine,2025-08-10
401,10,Pass journée,2025-08-07
402,4,Pass journée,2025-08-16
402,7,Pass week-end,2025-08-09
403,12,Pass semaine,2025-08-15
403,11,Pass journée,2025-08-24
404,3,Pass semaine,2025-08-06
404,12,Billet simple,2025-08-17
405,2,Billet simple,2025-08-25
406,7,Pass journée,2025-08-27
407,4,Billet simple,2025-08-07
407,2,Pass semaine,2025-08-12
407,3,Billet simple,2025-08-20
408,11,Pass semaine,2025-08-01
408,10,Billet simple,2025-08-18
408,8,Pass semaine,2025-08-01
409,9,Pass week-end,2025-08-18
410,1,Pass semaine,2025-08-26
410,9,Pass journée,2025-08-04
411,9,Pass journée,2025-08-08
412,10,Pass week-end,2025-08-27
413,5,Billet simple,2025-08-12
413,7,Pass semaine,2025-08-15
414,4,Billet simple,2025-08-21
414,12,Billet simple,2025-08-03
414,5,Pass semaine,2025-08-13
415,9,Billet simple,2025-08-21
415,8,Billet simple,2025-08-23
416,2,Pass semaine,2025-08-28
417,11,Billet simple,2025-08-29
417,6,Billet simple,2025-08-08
418,12,Pass semaine,2025-08-09
419,2,Pass week-end,2025-08-29
420,10,Pass journée,2025-08-30
420,11,Pass week-end,2025-08-01
420,1,Pass journée,2025-08-19
421,12,Pass semaine,2025-08-30
422,5,Pass journée,2025-08-19
423,10,Pass semaine,2025-08-22
424,6,Billet simple,2025-08-17
424,7,Pass week-end,2025-08-02
424,3,Billet simple,2025-08-14
425,2,Pass week-end,2025-08-20
426,10,Billet simple,2025-08-21
426,7,Pass week-end,2025-08-26
426,6,Pass semaine,2025-08-16
427,6,Pass semaine,2025-08-14
428,11,Pass semaine,2025-08-03
429,5,Billet simple,2025-08-09
429,4,Pass journée,2025-08-13
429,2,Pass journée,2025-08-24
430,6,Billet simple,2025-08-03
430,12,Billet simple,2025-08-10
431,6,Billet simple,2025-08-05
431,5,Billet simple,2025-08-06
432,8,Pass semaine,2025-08-04
432,9,Billet simple,2025-08-03
433,9,Pass week-end,2025-08-28
433,2,Pass semaine,2025-08-01
434,7,Billet simple,2025-08-24
434,12,Pass journée,2025-08-19
435,3,Pass journée,2025-08-05
435,11,Pass week-end,2025-08-10
435,7,Pass week-end,2025-08-16
436,2,Pass journée,2025-08-14
437,7,Pass semaine,2025-08-26
437,5,Billet simple,2025-08-12
438,4,Pass semaine,2025-08-20
438,11,Pass journée,2025-08-15
439,3,Pass week-end,2025-08-01
440,6,Pass semaine,2025-08-26
440,10,Pass week-end,2025-08-15
441,7,Pass journée,2025-08-10
441,11,Pass week-end,2025-08-20
442,4,Pass journée,2025-08-13
442,8,Pass week-end,2025-08-10
442,6,Pass semaine,2025-08-19
443,6,Pass semaine,2025-08-09
444,6,Pass journée,2025-08-19
444,2,Pass journée,2025-08-22
445,1,Pass semaine,2025-08-26
445,8,Pass week-end,2025-08-27
445,4,Billet simple,2025-08-27
446,11,Pass journée,2025-08-21
446,8,Pass week-end,2025-08-08
447,11,Pass semaine,2025-08-26
447,3,Pass semaine,2025-08-03
448,10,Pass semaine,2025-08-18
448,8,Pass semaine,2025-08-18
449,6,Billet simple,2025-08-04
450,11,Pass week-end,2025-08-06
451,10,Pass semaine,2025-08-25
451,1,Pass week-end,2025-08-26
451,12,Pass semaine,2025-08-04
452,2,Pass week-end,2025-08-08
453,12,Pass journée,2025-08-15
453,9,Pass week-end,2025-08-13
453,11,Pass semaine,2025-08-25
454,10,Pass week-end,2025-08-01
454,9,Pass semaine,2025-08-04
454,3,Pass week-end,2025-08-14
455,2,Pass journée,2025-08-12
456,6,Pass journée,2025-08-17
456,8,Pass semaine,2025-08-12
457,2,Pass semaine,2025-08-11
457,8,Billet simple,2025-08-10
458,12,Billet simple,2025-08-01
459,11,Pass journée,2025-08-30
459,2,Pass journée,2025-08-17
460,9,Pass journée,2025-08-11
461,7,Pass semaine,2025-08-21
461,8,Pass journée,2025-08-06
461,4,Pass semaine,2025-08-13
462,12,Pass journée,2025-08-15
463,7,Pass journée,2025-08-07
463,12,Pass week-end,2025-08-25
463,1,Billet simple,2025-08-19
464,9,Pass journée,2025-08-12
465,4,Billet simple,2025-08-09
465,8,Pass semaine,2025-08-17
466,6,Pass semaine,2025-08-19
466,10,Billet simple,2025-08-12
466,7,Pass week-end,2025-08-28
467,10,Pass week-end,2025-08-30
467,3,Billet simple,2025-08-22
468,6,Billet simple,2025-08-08
469,2,Pass week-end,2025-08-23
469,3,Pass journée,2025-08-17
470,7,Pass journée,2025-08-19
470,10,Pass semaine,2025-08-14
471,8,Pass journée,2025-08-18
472,8,Pass week-end,2025-08-05
473,6,Pass semaine,2025-08-20
474,6,Billet simple,2025-08-16
475,4,Pass semaine,2025-08-18
476,11,Pass semaine,2025-08-14
476,8,Pass semaine,2025-08-16
476,7,Pass journée,2025-08-03
477,1,Billet simple,2025-08-09
477,4,Pass journée,2025-08-18
477,5,Pass week-end,2025-08-06
478,10,Billet simple,2025-08-19
478,8,Billet simple,2025-08-09
479,6,Pass semaine,2025-08-18
479,9,Pass journée,2025-08-14
479,1,Billet simple,2025-08-24
480,4,Pass semaine,2025-08-09
480,5,Pass week-end,2025-08-28
480,1,Billet simple,2025-08-15
481,4,Pass journée,2025-08-26
482,10,Pass semaine,2025-08-06
482,6,Pass journée,2025-08-26
482,12,Pass journée,2025-08-27
483,1,Pass week-end,2025-08-18
484,10,Pass journée,2025-08-11
484,9,Pass week-end,2025-08-10
485,5,Pass journée,2025-08-25
485,9,Pass semaine,2025-08-30
485,2,Billet simple,2025-08-09
486,3,Pass journée,2025-08-23
486,12,Pass week-end,2025-08-27
486,4,Pass journée,2025-08-25
487,7,Pass week-end,2025-08-21
487,8,Pass semaine,2025-08-13
487,3,Pass semaine,2025-08-03
488,2,Pass week-end,2025-08-23
488,7,Pass week-end,2025-08-15
488,9,Pass semaine,2025-08-11
489,1,Pass week-end,2025-08-28
489,2,Billet simple,2025-08-26
489,8,Pass semaine,2025-08-07
490,4,Pass week-end,2025-08-11
490,8,Pass week-end,2025-08-11
491,10,Pass semaine,2025-08-26
491,3,Pass week-end,2025-08-29
491,12,Billet simple,2025-08-02
492,11,Pass semaine,2025-08-01
493,3,Pass semaine,2025-08-15
494,7,Pass journée,2025-08-23
495,11,Pass week-end,2025-08-06
496,2,Pass week-end,2025-08-09
496,11,Billet simple,2025-08-12
497,11,Pass semaine,2025-08-21
497,3,Pass week-end,2025-08-24
497,1,Pass journée,2025-08-14
498,2,Pass journée,2025-08-16
498,12,Billet simple,2025-08-05
498,1,Pass journée,2025-08-17
499,8,Pass week-end,2025-08-27
499,1,Billet simple,2025-08-28
499,11,Pass semaine,2025-08-23
500,8,Billet simple,2025-08-08
501,2,Billet simple,2025-08-11
501,12,Pass week-end,2025-08-29
502,3,Pass journée,2025-08-21
502,7,Pass journée,2025-08-03
503,10,Pass journée,2025-08-15
503,1,Pass week-end,2025-08-24
503,12,Pass journée,2025-08-21
504,3,Pass semaine,2025-08-28
504,7,Pass journée,2025-08-03
504,10,Billet simple,2025-08-05
505,10,Pass semaine,2025-08-12
506,6,Pass journée,2025-08-09
506,3,Billet simple,2025-08-08
507,10,Pass week-end,2025-08-25
507,12,Billet simple,2025-08-28
507,11,Pass week-end,2025-08-07
508,10,Pass semaine,2025-08-10
508,9,Billet simple,2025-08-26
508,4,Pass journée,2025-08-16
509,2,Pass semaine,2025-08-21
509,4,Billet simple,2025-08-17
510,6,Pass week-end,2025-08-05
511,10,Pass week-end,2025-08-18
511,7,Pass journée,2025-08-25
512,2,Billet simple,2025-08-01
512,1,Pass week-end,2025-08-07
513,1,Pass semaine,2025-08-17
514,11,Pass semaine,2025-08-14
514,9,Pass semaine,2025-08-03
515,9,Pass journée,2025-08-09
515,12,Billet simple,2025-08-10
515,10,Billet simple,2025-08-17
516,3,Pass week-end,2025-08-13
517,11,Pass week-end,2025-08-23
517,12,Pass semaine,2025-08-24
517,2,Pass journée,2025-08-02
518,2,Pass semaine,2025-08-04
519,10,Billet simple,2025-08-10
519,12,Pass journée,2025-08-04
520,12,Pass journée,2025-08-23
521,3,Pass semaine,2025-08-12
522,9,Pass week-end,2025-08-05
522,5,Pass week-end,2025-08-24
522,3,Billet simple,2025-08-25
523,6,Pass semaine,2025-08-09
524,2,Billet simple,2025-08-16
524,5,Pass semaine,2025-08-17
524,10,Pass week-end,2025-08-02
525,10,Pass week-end,2025-08-06
525,3,Pass week-end,2025-08-25
526,10,Billet simple,2025-08-08
527,9,Billet simple,2025-08-08
527,1,Billet simple,2025-08-16
527,11,Pass week-end,2025-08-13
528,3,Billet simple,2025-08-18
529,12,Pass journée,2025-08-11
529,11,Pass journée,2025-08-14
529,7,Pass week-end,2025-08-09
530,10,Pass week-end,2025-08-04
531,11,Pass journée,2025-08-26
531,1,Billet simple,2025-08-13
531,3,Billet simple,2025-08-29
532,5,Pass week-end,2025-08-03
532,12,Pass semaine,2025-08-01
533,4,Pass week-end,2025-08-24
533,5,Pass journée,2025-08-15
534,10,Pass journée,2025-08-24
534,8,Pass journée,2025-08-05
535,7,Billet simple,2025-08-08
536,6,Pass week-end,2025-08-01
536,11,Pass semaine,2025-08-28
536,1,Pass week-end,2025-08-04
537,9,Pass journée,2025-08-14
538,1,Pass week-end,2025-08-03
538,3,Billet simple,2025-08-30
539,9,Pass semaine,2025-08-23
540,8,Billet simple,2025-08-17
540,2,Pass journée,2025-08-21
541,2,Billet simple,2025-08-14
541,10,Pass journée,2025-08-08
542,5,Pass semaine,2025-08-23
542,6,Pass week-end,2025-08-11
543,5,Billet simple,2025-08-07
543,4,Pass journée,2025-08-25
544,2,Pass journée,2025-08-15
544,3,Pass semaine,2025-08-11
544,12,Pass semaine,2025-08-04
545,6,Pass week-end,2025-08-15
545,4,Pass week-end,2025-08-28
545,8,Billet simple,2025-08-03
546,11,Pass week-end,2025-08-27
547,12,Pass journée,2025-08-27
547,10,Pass week-end,2025-08-05
547,1,Billet simple,2025-08-23
548,6,Pass semaine,2025-08-17
549,11,Pass week-end,2025-08-09
550,1,Pass semaine,2025-08-28
551,9,Pass journée,2025-08-04
551,12,Pass semaine,2025-08-04
552,2,Billet simple,2025-08-02
553,3,Pass journée,2025-08-27
554,6,Billet simple,2025-08-19
554,11,Pass week-end,2025-08-30
555,1,Billet simple,2025-08-07
556,8,Pass week-end,2025-08-04
556,3,Billet simple,2025-08-15
556,2,Billet simple,2025-08-06
557,7,Billet simple,2025-08-13
557,12,Pass semaine,2025-08-06
557,8,Pass week-end,2025-08-07
558,5,Pass week-end,2025-08-15
559,1,Pass journée,2025-08-21
560,8,Pass semaine,2025-08-02
560,7,Billet simple,2025-08-09
561,3,Pass journée,2025-08-21
561,7,Pass journée,2025-08-21
562,1,Pass semaine,2025-08-18
562,7,Pass semaine,2025-08-12
562,6,Pass week-end,2025-08-13
563,3,Pass week-end,2025-08-20
563,1,Pass journée,2025-08-01
564,1,Pass week-end,2025-08-25
564,8,Pass journée,2025-08-06
565,4,Pass journée,2025-08-09
566,12,Pass semaine,2025-08-12
566,1,Pass journée,2025-08-06
566,4,Pass journée,2025-08-19
567,12,Billet simple,2025-08-23
567,6,Pass week-end,2025-08-19
568,3,Pass semaine,2025-08-18
568,10,Pass week-end,2025-08-06
568,4,Pass semaine,2025-08-02
569,1,Pass journée,2025-08-20
570,1,Pass semaine,2025-08-01
571,10,Pass journée,2025-08-11
571,4,Pass journée,2025-08-30
572,1,Pass journée,2025-08-19
572,12,Pass journée,2025-08-25
573,9,Pass week-end,2025-08-03
574,12,Pass semaine,2025-08-19
574,11,Billet simple,2025-08-11
575,6,Pass journée,2025-08-24
575,3,Pass semaine,2025-08-26
576,8,Pass journée,2025-08-23
576,11,Pass week-end,2025-08-08
576,6,Pass journée,2025-08-13
577,12,Pass journée,2025-08-06
577,5,Billet simple,2025-08-23
578,7,Pass journée,2025-08-20
578,10,Pass week-end,2025-08-30
578,1,Pass journée,2025-08-21
579,2,Pass week-end,2025-08-24
579,8,Billet simple,2025-08-08
579,3,Pass week-end,2025-08-11
580,11,Billet simple,2025-08-27
581,11,Pass semaine,2025-08-01
581,12,Pass week-end,2025-08-07
581,6,Pass journée,2025-08-23
582,6,Pass week-end,2025-08-26
583,12,Billet simple,2025-08-02
584,8,Pass journée,2025-08-29
584,7,Pass semaine,2025-08-16
585,6,Pass semaine,2025-08-04
585,9,Pass semaine,2025-08-26
586,11,Pass journée,2025-08-15
586,12,Billet simple,2025-08-26
586,4,Billet simple,2025-08-10
587,6,Pass week-end,2025-08-04
588,6,Pass journée,2025-08-29
589,3,Billet simple,2025-08-11
589,2,Pass semaine,2025-08-23
590,7,Pass journée,2025-08-20
591,3,Billet simple,2025-08-11
591,1,Pass journée,2025-08-07
592,12,Pass week-end,2025-08-22
592,9,Pass week-end,2025-08-10
593,2,Billet simple,2025-08-13
594,9,Billet simple,2025-08-12
594,8,Billet simple,2025-08-14
594,3,Billet simple,2025-08-10
595,11,Pass journée,2025-08-04
595,10,Billet simple,2025-08-07
595,8,Pass journée,2025-08-21
596,2,Billet simple,2025-08-10
596,8,Pass semaine,2025-08-16
597,11,Billet simple,2025-08-21
597,5,Pass semaine,2025-08-06
598,7,Pass journée,2025-08-15
598,6,Billet simple,2025-08-09
599,8,Pass journée,2025-08-27
599,5,Pass week-end,2025-08-19
600,3,Billet simple,2025-08-03
601,6,Pass journée,2025-08-18
601,9,Billet simple,2025-08-27
601,7,Pass semaine,2025-08-27
602,7,Pass journée,2025-08-16
602,9,Pass week-end,2025-08-03
602,8,Pass semaine,2025-08-29
603,1,Pass journée,2025-08-04
603,9,Pass semaine,2025-08-06
603,10,Pass journée,2025-08-07
604,3,Billet simple,2025-08-14
605,11,Pass semaine,2025-08-07
606,3,Pass week-end,2025-08-30
606,10,Billet simple,2025-08-03
606,5,Pass semaine,2025-08-18
607,9,Pass week-end,2025-08-17
607,6,Pass semaine,2025-08-30
608,12,Pass semaine,2025-08-04
609,3,Billet simple,2025-08-30
609,12,Billet simple,2025-08-19
610,5,Pass week-end,2025-08-29
611,5,Pass semaine,2025-08-19
611,7,Pass semaine,2025-08-02
612,5,Pass semaine,2025-08-05
613,10,Billet simple,2025-08-13
613,11,Pass week-end,2025-08-23
613,7,Pass journée,2025-08-02
614,8,Billet simple,2025-08-11
614,5,Pass week-end,2025-08-10
614,6,Pass week-end,2025-08-27
615,12,Billet simple,2025-08-28
615,11,Pass journée,2025-08-05
616,12,Pass week-end,2025-08-09
616,8,Pass semaine,2025-08-20
617,2,Pass journée,2025-08-30
617,4,Pass semaine,2025-08-24
617,8,Pass semaine,2025-08-25
618,6,Pass journée,2025-08-03
618,1,Pass week-end,2025-08-23
618,9,Pass semaine,2025-08-05
619,10,Pass journée,2025-08-29
619,1,Pass journée,2025-08-27
619,3,Billet simple,2025-08-08
620,8,Billet simple,2025-08-30
621,12,Pass week-end,2025-08-12
621,4,Pass semaine,2025-08-17
622,11,Billet simple,2025-08-08
622,2,Pass week-end,2025-08-16
623,8,Pass week-end,2025-08-12
623,3,Pass journée,2025-08-27
623,12,Pass week-end,2025-08-24
624,2,Pass semaine,2025-08-02
624,5,Pass journée,2025-08-28
624,1,Pass journée,2025-08-28
625,11,Pass journée,2025-08-22
626,5,Pass semaine,2025-08-17
627,11,Billet simple,2025-08-16
628,11,Pass journée,2025-08-20
629,4,Pass week-end,2025-08-20
630,12,Pass week-end,2025-08-14
630,11,Pass semaine,2025-08-28
631,8,Pass journée,2025-08-15
631,5,Pass week-end,2025-08-22
632,10,Billet simple,2025-08-01
632,7,Pass week-end,2025-08-18
632,12,Pass week-end,2025-08-10
633,2,Pass week-end,2025-08-09
633,8,Pass week-end,2025-08-28
633,12,Pass week-end,2025-08-09
634,12,Pass journée,2025-08-05
634,11,Pass journée,2025-08-29
634,5,Billet simple,2025-08-26
635,7,Pass journée,2025-08-24
635,11,Billet simple,2025-08-21
635,6,Pass semaine,2025-08-10
636,7,Pass semaine,2025-08-24
636,12,Billet simple,2025-08-19
637,10,Pass journée,2025-08-22
637,4,Pass semaine,2025-08-30
637,6,Pass week-end,2025-08-17
638,3,Pass journée,2025-08-10
638,11,Billet simple,2025-08-16
639,12,Pass week-end,2025-08-24
640,3,Billet simple,2025-08-08
640,11,Pass week-end,2025-08-08
640,6,Pass week-end,2025-08-14
641,6,Pass week-end,2025-08-15
641,5,Billet simple,2025-08-16
642,11,Billet simple,2025-08-16
643,9,Billet simple,2025-08-28
644,7,Pass semaine,2025-08-02
644,9,Pass journée,2025-08-05
644,5,Pass journée,2025-08-11
645,10,Pass journée,2025-08-11
645,8,Pass journée,2025-08-25
646,8,Pass week-end,2025-08-21
647,6,Billet simple,2025-08-01
648,5,Pass journée,2025-08-19
648,4,Pass journée,2025-08-16
649,3,Pass semaine,2025-08-21
650,7,Pass semaine,2025-08-13
650,12,Billet simple,2025-08-02
651,4,Pass week-end,2025-08-25
651,6,Pass journée,2025-08-01
651,1,Billet simple,2025-08-21
652,4,Pass week-end,2025-08-05
652,12,Billet simple,2025-08-13
652,6,Pass week-end,2025-08-06
653,1,Pass week-end,2025-08-10
654,12,Pass week-end,2025-08-14
654,9,Pass journée,2025-08-11
655,6,Pass journée,2025-08-30
655,4,Pass semaine,2025-08-01
656,4,Pass journée,2025-08-07
657,1,Pass journée,2025-08-04
657,10,Pass week-end,2025-08-23
657,9,Billet simple,2025-08-13
658,5,Billet simple,2025-08-20
658,9,Billet simple,2025-08-22
658,10,Billet simple,2025-08-21
659,1,Billet simple,2025-08-14
660,7,Pass week-end,2025-08-16
660,2,Pass journée,2025-08-07
661,11,Pass week-end,2025-08-14
661,12,Billet simple,2025-08-22
661,1,Pass week-end,2025-08-20
662,12,Billet simple,2025-08-17
662,3,Billet simple,2025-08-10
662,7,Billet simple,2025-08-26
663,8,Pass journée,2025-08-20
664,5,Pass journée,2025-08-12
665,7,Billet simple,2025-08-18
665,5,Pass semaine,2025-08-30
665,3,Pass journée,2025-08-23
666,6,Billet simple,2025-08-01
666,4,Billet simple,2025-08-30
667,10,Pass semaine,2025-08-05
668,9,Billet simple,2025-08-24
669,2,Pass semaine,2025-08-10
669,5,Pass week-end,2025-08-15
669,4,Billet simple,2025-08-04
670,1,Pass week-end,2025-08-12
671,6,Billet simple,2025-08-28
671,7,Billet simple,2025-08-01
671,2,Pass journée,2025-08-22
672,3,Pass semaine,2025-08-20
672,6,Pass week-end,2025-08-29
672,11,Billet simple,2025-08-12
673,3,Pass semaine,2025-08-13
673,2,Pass semaine,2025-08-09
674,12,Pass semaine,2025-08-21
674,8,Pass journée,2025-08-04
675,12,Billet simple,2025-08-28
676,2,Pass semaine,2025-08-30
677,8,Pass journée,2025-08-20
677,10,Pass semaine,2025-08-25
677,12,Pass week-end,2025-08-20
678,11,Pass journée,2025-08-16
679,2,Pass semaine,2025-08-02
679,7,Billet simple,2025-08-09
680,6,Pass journée,2025-08-22
680,1,Pass week-end,2025-08-17
680,9,Billet simple,2025-08-14
681,12,Pass week-end,2025-08-22
681,4,Pass semaine,2025-08-05
681,8,Billet simple,2025-08-01
682,3,Pass semaine,2025-08-28
682,9,Pass journée,2025-08-03
682,8,Pass semaine,2025-08-11
683,6,Pass week-end,2025-08-02
684,4,Pass semaine,2025-08-27
684,9,Pass journée,2025-08-03
684,7,Pass semaine,2025-08-15
685,8,Pass semaine,2025-08-11
685,2,Billet simple,2025-08-16
685,12,Billet simple,2025-08-04
686,7,Billet simple,2025-08-27
686,1,Billet simple,2025-08-26
687,10,Pass journée,2025-08-21
687,11,Pass semaine,2025-08-11
687,5,Pass week-end,2025-08-27
688,4,Pass semaine,2025-08-11
689,10,Pass week-end,2025-08-23
689,12,Pass semaine,2025-08-04
689,8,Billet simple,2025-08-25
690,4,Pass week-end,2025-08-27
690,1,Pass week-end,2025-08-18
690,6,Pass week-end,2025-08-23
691,1,Pass journée,2025-08-16
692,12,Pass semaine,2025-08-04
693,10,Pass journée,2025-08-04
693,4,Pass semaine,2025-08-07
694,4,Billet simple,2025-08-25
694,6,Pass semaine,2025-08-02
695,11,Pass semaine,2025-08-15
695,10,Pass journée,2025-08-16
695,2,Billet simple,2025-08-17
696,1,Pass semaine,2025-08-30
696,9,Pass journée,2025-08-23
696,7,Pass journée,2025-08-24
697,2,Pass semaine,2025-08-22
698,10,Pass semaine,2025-08-14
698,6,Pass journée,2025-08-09
698,9,Pass semaine,2025-08-11
699,8,Pass journée,2025-08-14
699,3,Pass week-end,2025-08-27
700,9,Pass journée,2025-08-07
700,6,Pass journée,2025-08-20
700,12,Pass week-end,2025-08-22
701,11,Pass journée,2025-08-17
701,3,Pass week-end,2025-08-23
702,6,Pass semaine,2025-08-19
703,11,Pass week-end,2025-08-29
703,7,Pass semaine,2025-08-26
703,9,Billet simple,2025-08-17
704,1,Pass semaine,2025-08-05
705,11,Billet simple,2025-08-07
706,3,Pass week-end,2025-08-05
706,5,Billet simple,2025-08-23
707,4,Billet simple,2025-08-12
707,9,Pass semaine,2025-08-04
708,11,Pass semaine,2025-08-08
708,9,Pass week-end,2025-08-23
708,4,Billet simple,2025-08-30
709,7,Pass week-end,2025-08-18
709,12,Billet simple,2025-08-01
710,5,Pass semaine,2025-08-27
710,4,Pass journée,2025-08-30
710,10,Pass week-end,2025-08-25
711,9,Pass journée,2025-08-10
711,10,Pass semaine,2025-08-06
711,4,Billet simple,2025-08-06
712,12,Billet simple,2025-08-13
713,7,Pass week-end,2025-08-18
714,3,Pass week-end,2025-08-01
714,12,Pass week-end,2025-08-15
715,3,Pass week-end,2025-08-20
715,1,Billet simple,2025-08-25
715,12,Pass week-end,2025-08-16
716,9,Pass week-end,2025-08-17
716,6,Pass journée,2025-08-06
716,2,Billet simple,2025-08-26
717,3,Pass semaine,2025-08-03
717,7,Pass week-end,2025-08-08
717,9,Pass journée,2025-08-22
718,6,Pass week-end,2025-08-07
718,12,Pass semaine,2025-08-18
719,1,Pass semaine,2025-08-08
719,2,Pass journée,2025-08-02
719,6,Pass week-end,2025-08-13
720,7,Pass week-end,2025-08-18
721,5,Pass week-end,2025-08-17
721,1,Pass semaine,2025-08-16
721,9,Billet simple,2025-08-10
722,4,Billet simple,2025-08-04
722,6,Pass journée,2025-08-25
722,9,Billet simple,2025-08-21
723,4,Pass journée,2025-08-28
724,7,Pass semaine,2025-08-21
724,2,Billet simple,2025-08-24
724,4,Pass journée,2025-08-01
725,12,Billet simple,2025-08-03
725,6,Billet simple,2025-08-02
726,5,Billet simple,2025-08-19
727,5,Pass semaine,2025-08-13
728,11,Pass semaine,2025-08-11
728,7,Billet simple,2025-08-13
729,2,Billet simple,2025-08-25
729,9,Billet simple,2025-08-23
729,1,Billet simple,2025-08-12
730,2,Billet simple,2025-08-10
730,5,Pass semaine,2025-08-13
730,11,Pass semaine,2025-08-27
731,1,Pass journée,2025-08-05
731,8,Pass semaine,2025-08-26
731,3,Pass week-end,2025-08-21
732,5,Pass week-end,2025-08-01
733,9,Billet simple,2025-08-01
733,3,Pass semaine,2025-08-18
733,2,Billet simple,2025-08-10
734,12,Pass week-end,2025-08-07
735,11,Pass journée,2025-08-06
735,9,Pass journée,2025-08-08
736,5,Pass journée,2025-08-22
736,4,Billet simple,2025-08-28
736,2,Pass semaine,2025-08-21
737,2,Pass week-end,2025-08-04
737,5,Pass journée,2025-08-24
737,12,Pass semaine,2025-08-11
738,3,Pass journée,2025-08-04
738,11,Pass week-end,2025-08-20
739,4,Pass week-end,2025-08-16
740,6,Pass week-end,2025-08-23
740,10,Pass journée,2025-08-19
741,6,Pass journée,2025-08-01
741,12,Pass week-end,2025-08-08
741,7,Pass journée,2025-08-23
742,11,Pass week-end,2025-08-05
742,7,Pass week-end,2025-08-29
742,5,Pass semaine,2025-08-15
743,6,Pass semaine,2025-08-18
743,5,Billet simple,2025-08-06
744,10,Pass journée,2025-08-29
744,2,Pass journée,2025-08-09
744,5,Billet simple,2025-08-24
745,1,Billet simple,2025-08-27
746,10,Pass journée,2025-08-30
746,7,Billet simple,2025-08-18
746,12,Pass week-end,2025-08-18
747,8,Pass week-end,2025-08-13
747,11,Pass journée,2025-08-29
747,3,Pass week-end,2025-08-05
748,9,Billet simple,2025-08-13
748,12,Pass week-end,2025-08-17
749,11,Pass journée,2025-08-28
750,11,Pass journée,2025-08-15
750,3,Pass journée,2025-08-06
750,9,Pass journée,2025-08-24
751,8,Pass journée,2025-08-25
751,6,Pass semaine,2025-08-08
751,1,Billet simple,2025-08-09
752,4,Pass journée,2025-08-17
752,1,Pass week-end,2025-08-13
753,8,Billet simple,2025-08-21
753,1,Pass week-end,2025-08-04
754,9,Pass week-end,2025-08-19
754,11,Pass journée,2025-08-13
754,5,Pass semaine,2025-08-12
755,11,Pass week-end,2025-08-13
755,2,Pass journée,2025-08-17
755,9,Pass semaine,2025-08-12
756,8,Billet simple,2025-08-17
756,12,Pass journée,2025-08-15
757,4,Billet simple,2025-08-17
758,5,Pass journée,2025-08-06
758,4,Pass week-end,2025-08-20
758,3,Billet simple,2025-08-22
759,7,Pass week-end,2025-08-24
760,8,Pass semaine,2025-08-16
761,10,Pass journée,2025-08-21
762,1,Billet simple,2025-08-05
762,4,Pass journée,2025-08-05
763,9,Pass journée,2025-08-02
763,1,Pass journée,2025-08-09
763,10,Pass journée,2025-08-17
764,10,Billet simple,2025-08-29
764,12,Pass week-end,2025-08-03
765,8,Pass semaine,2025-08-28
766,3,Pass semaine,2025-08-20
766,4,Pass journée,2025-08-26
767,3,Pass week-end,2025-08-06
767,10,Pass week-end,2025-08-30
767,9,Pass semaine,2025-08-20
768,2,Pass semaine,2025-08-05
768,4,Billet simple,2025-08-01
768,7,Pass journée,2025-08-17
769,11,Billet simple,2025-08-06
769,7,Pass semaine,2025-08-29
769,3,Billet simple,2025-08-29
770,9,Pass semaine,2025-08-22
770,2,Pass journée,2025-08-29
770,11,Billet simple,2025-08-29
771,11,Pass semaine,2025-08-12
771,7,Billet simple,2025-08-23
771,9,Pass semaine,2025-08-08
772,7,Billet simple,2025-08-14
772,6,Pass journée,2025-08-09
773,4,Pass week-end,2025-08-20
773,2,Pass semaine,2025-08-09
774,1,Billet simple,2025-08-19
775,2,Pass semaine,2025-08-21
775,9,Pass journée,2025-08-23
775,1,Pass week-end,2025-08-14
776,2,Pass semaine,2025-08-21
776,3,Pass week-end,2025-08-09
777,7,Pass week-end,2025-08-22
777,10,Pass semaine,2025-08-25
777,6,Pass journée,2025-08-14
778,9,Pass week-end,2025-08-18
778,8,Pass semaine,2025-08-09
778,3,Pass week-end,2025-08-19
779,12,Pass journée,2025-08-28
779,7,Billet simple,2025-08-24
780,8,Pass journée,2025-08-04
781,9,Pass semaine,2025-08-26
782,9,Billet simple,2025-08-06
782,10,Pass semaine,2025-08-21
783,2,Pass journée,2025-08-16
784,7,Pass week-end,2025-08-08
784,2,Pass week-end,2025-08-03
784,11,Billet simple,2025-08-24
785,7,Pass week-end,2025-08-23
785,10,Billet simple,2025-08-25
786,11,Pass semaine,2025-08-15
787,4,Pass week-end,2025-08-07
788,10,Pass journée,2025-08-20
789,11,Billet simple,2025-08-12
790,11,Billet simple,2025-08-06
791,5,Pass semaine,2025-08-12
792,7,Pass journée,2025-08-17
792,12,Billet simple,2025-08-24
792,10,Billet simple,2025-08-30
793,9,Pass week-end,2025-08-24
794,10,Pass week-end,2025-08-08
794,6,Pass journée,2025-08-15
794,11,Pass semaine,2025-08-19
795,5,Pass journée,2025-08-14
796,2,Pass week-end,2025-08-11
796,9,Billet simple,2025-08-26
796,12,Pass week-end,2025-08-29
797,10,Pass semaine,2025-08-19
797,5,Pass semaine,2025-08-25
797,8,Pass journée,2025-08-25
798,8,Pass semaine,2025-08-29
798,11,Billet simple,2025-08-16
799,5,Billet simple,2025-08-13
800,4,Pass week-end,2025-08-14
800,11,Pass week-end,2025-08-17
800,12,Billet simple,2025-08-23
801,4,Billet simple,2025-08-13
801,5,Pass week-end,2025-08-03
802,3,Pass week-end,2025-08-07
802,8,Pass week-end,2025-08-06
802,6,Pass journée,2025-08-16
803,4,Pass week-end,2025-08-07
803,12,Pass journée,2025-08-07
803,11,Pass journée,2025-08-27
804,6,Billet simple,2025-08-30
804,3,Billet simple,2025-08-22
804,2,Pass semaine,2025-08-20
805,9,Billet simple,2025-08-28
806,6,Pass week-end,2025-08-16
806,10,Pass week-end,2025-08-16
807,9,Pass week-end,2025-08-13
808,10,Pass journée,2025-08-02
809,7,Billet simple,2025-08-17
809,8,Pass week-end,2025-08-13
809,9,Pass journée,2025-08-15
810,12,Pass semaine,2025-08-11
811,1,Pass semaine,2025-08-19
811,12,Billet simple,2025-08-11
811,4,Pass week-end,2025-08-20
812,3,Pass week-end,2025-08-08
812,9,Pass week-end,2025-08-16
813,6,Pass semaine,2025-08-14
813,12,Pass journée,2025-08-14
813,3,Pass week-end,2025-08-12
814,5,Pass journée,2025-08-19
814,8,Pass journée,2025-08-19
815,4,Pass journée,2025-08-18
815,2,Pass semaine,2025-08-28
815,5,Pass semaine,2025-08-07
816,12,Pass journée,2025-08-16
817,3,Pass semaine,2025-08-16
818,11,Pass week-end,2025-08-26
819,5,Billet simple,2025-08-13
819,12,Billet simple,2025-08-23
820,1,Pass journée,2025-08-27
821,8,Billet simple,2025-08-15
821,11,Pass week-end,2025-08-09
822,6,Pass week-end,2025-08-12
822,9,Billet simple,2025-08-14
823,6,Pass journée,2025-08-19
824,11,Pass journée,2025-08-25
824,12,Pass week-end,2025-08-12
824,9,Pass week-end,2025-08-22
825,8,Pass semaine,2025-08-20
825,12,Pass week-end,2025-08-15
825,2,Pass journée,2025-08-28
826,11,Pass week-end,2025-08-14
827,10,Billet simple,2025-08-03
827,12,Pass journée,2025-08-11
827,7,Pass journée,2025-08-11
828,11,Pass week-end,2025-08-20
828,5,Pass semaine,2025-08-09
829,6,Pass semaine,2025-08-14
829,10,Pass journée,2025-08-06
830,3,Pass journée,2025-08-22
831,12,Pass journée,2025-08-06
831,2,Pass semaine,2025-08-04
832,2,Pass semaine,2025-08-18
833,1,Pass semaine,2025-08-17
834,2,Pass week-end,2025-08-20
835,2,Pass semaine,2025-08-10
836,4,Pass week-end,2025-08-15
837,3,Pass journée,2025-08-01
837,12,Billet simple,2025-08-22
837,9,Pass week-end,2025-08-28
838,8,Pass week-end,2025-08-18
838,12,Pass semaine,2025-08-05
839,9,Pass semaine,2025-08-21
839,3,Pass semaine,2025-08-17
839,10,Pass week-end,2025-08-30
840,8,Pass journée,2025-08-26
840,9,Billet simple,2025-08-15
841,6,Pass week-end,2025-08-05
841,7,Pass week-end,2025-08-01
842,9,Pass journée,2025-08-12
843,8,Billet simple,2025-08-23
843,9,Pass semaine,2025-08-25
844,5,Pass semaine,2025-08-26
844,1,Pass week-end,2025-08-20
845,1,Pass week-end,2025-08-07
846,9,Pass semaine,2025-08-08
846,7,Pass journée,2025-08-23
847,11,Pass journée,2025-08-09
847,7,Billet simple,2025-08-14
847,12,Pass journée,2025-08-17
848,12,Pass week-end,2025-08-21
848,11,Pass week-end,2025-08-14
848,5,Pass journée,2025-08-28
849,3,Pass journée,2025-08-10
850,11,Pass semaine,2025-08-20
851,5,Pass semaine,2025-08-07
851,10,Pass week-end,2025-08-01
852,1,Billet simple,2025-08-06
853,5,Pass week-end,2025-08-05
854,8,Billet simple,2025-08-05
854,1,Billet simple,2025-08-16
854,4,Pass journée,2025-08-11
855,5,Pass week-end,2025-08-15
855,8,Billet simple,2025-08-11
856,3,Billet simple,2025-08-09
857,2,Pass semaine,2025-08-06
857,9,Pass journée,2025-08-29
858,7,Billet simple,2025-08-25
858,1,Pass journée,2025-08-13
859,4,Pass journée,2025-08-15
859,1,Billet simple,2025-08-17
860,4,Pass week-end,2025-08-30
860,8,Pass week-end,2025-08-06
860,7,Billet simple,2025-08-24
861,9,Pass semaine,2025-08-21
861,2,Pass week-end,2025-08-07
861,5,Pass week-end,2025-08-29
862,11,Pass journée,2025-08-04
863,11,Pass semaine,2025-08-11
864,3,Pass week-end,2025-08-19
865,7,Pass journée,2025-08-01
866,10,Pass semaine,2025-08-23
867,3,Pass journée,2025-08-06
867,6,Pass semaine,2025-08-03
867,2,Pass week-end,2025-08-30
868,1,Pass journée,2025-08-23
868,12,Billet simple,2025-08-05
868,6,Pass semaine,2025-08-08
869,9,Pass week-end,2025-08-26
869,11,Pass semaine,2025-08-24
870,1,Pass semaine,2025-08-12
871,3,Pass semaine,2025-08-23
871,5,Pass semaine,2025-08-18
871,1,Pass week-end,2025-08-18
872,8,Pass journée,2025-08-18
872,4,Pass week-end,2025-08-11
872,10,Pass semaine,2025-08-09
873,9,Pass journée,2025-08-15
873,3,Pass week-end,2025-08-27
873,2,Pass week-end,2025-08-18
874,8,Pass semaine,2025-08-24
874,1,Pass journée,2025-08-29
875,10,Pass week-end,2025-08-25
876,4,Pass semaine,2025-08-07
876,6,Pass semaine,2025-08-25
876,2,Pass journée,2025-08-20
877,6,Pass week-end,2025-08-04
877,7,Billet simple,2025-08-17
878,2,Pass journée,2025-08-28
878,1,Billet simple,2025-08-07
878,3,Billet simple,2025-08-16
879,2,Billet simple,2025-08-19
880,7,Pass week-end,2025-08-02
880,11,Pass week-end,2025-08-08
880,8,Billet simple,2025-08-01
881,11,Pass semaine,2025-08-30
882,8,Billet simple,2025-08-12
883,12,Billet simple,2025-08-27
883,7,Pass week-end,2025-08-17
883,6,Billet simple,2025-08-24
884,5,Billet simple,2025-08-07
885,2,Pass semaine,2025-08-07
885,12,Pass journée,2025-08-17
885,4,Pass journée,2025-08-19
886,3,Pass semaine,2025-08-24
886,9,Billet simple,2025-08-25
886,11,Pass week-end,2025-08-22
887,12,Pass semaine,2025-08-29
887,11,Billet simple,2025-08-06
888,9,Pass semaine,2025-08-17
889,11,Pass semaine,2025-08-30
889,3,Pass week-end,2025-08-29
890,9,Pass week-end,2025-08-14
890,6,Pass semaine,2025-08-27
891,6,Pass journée,2025-08-13
891,10,Pass week-end,2025-08-12
891,4,Pass semaine,2025-08-15
892,1,Pass week-end,2025-08-20
892,12,Billet simple,2025-08-17
893,5,Billet simple,2025-08-10
894,4,Pass week-end,2025-08-01
895,5,Pass journée,2025-08-04
895,9,Billet simple,2025-08-15
895,11,Pass week-end,2025-08-05
896,5,Pass week-end,2025-08-29
897,4,Pass week-end,2025-08-03
897,12,Pass semaine,2025-08-19
897,5,Pass journée,2025-08-24
898,12,Pass week-end,2025-08-26
899,3,Billet simple,2025-08-20
899,8,Pass week-end,2025-08-02
900,10,Billet simple,2025-08-30
900,7,Pass week-end,2025-08-12
900,2,Pass semaine,2025-08-14
901,4,Billet simple,2025-08-21
902,7,Billet simple,2025-08-11
902,1,Pass journée,2025-08-11
902,5,Pass journée,2025-08-05
903,11,Pass semaine,2025-08-15
904,10,Pass journée,2025-08-14
904,9,Pass week-end,2025-08-26
904,2,Pass semaine,2025-08-05
905,6,Billet simple,2025-08-16
906,12,Pass semaine,2025-08-09
906,1,Billet simple,2025-08-13
906,9,Pass semaine,2025-08-25
907,3,Pass journée,2025-08-16
907,12,Pass semaine,2025-08-21
907,8,Pass journée,2025-08-18
908,12,Pass journée,2025-08-03
908,9,Pass week-end,2025-08-25
908,4,Pass semaine,2025-08-11
909,10,Pass semaine,2025-08-14
909,2,Pass week-end,2025-08-12
909,11,Pass journée,2025-08-11
910,10,Billet simple,2025-08-25
910,11,Pass week-end,2025-08-06
911,10,Pass journée,2025-08-15
911,8,Billet simple,2025-08-30
912,4,Pass week-end,2025-08-05
913,2,Pass journée,2025-08-20
913,12,Pass journée,2025-08-28
913,1,Pass week-end,2025-08-01
914,12,Pass week-end,2025-08-15
914,2,Pass semaine,2025-08-01
915,4,Pass journée,2025-08-07
915,9,Pass week-end,2025-08-18
916,10,Billet simple,2025-08-13
916,3,Billet simple,2025-08-09
917,1,Pass week-end,2025-08-07
918,10,Pass semaine,2025-08-21
918,5,Billet simple,2025-08-03
918,1,Pass semaine,2025-08-22
919,11,Pass week-end,2025-08-28
919,12,Billet simple,2025-08-01
920,11,Pass journée,2025-08-13
920,7,Billet simple,2025-08-29
921,8,Billet simple,2025-08-06
921,10,Pass journée,2025-08-17
922,9,Billet simple,2025-08-08
922,1,Pass week-end,2025-08-11
923,7,Billet simple,2025-08-12
923,3,Pass week-end,2025-08-12
924,5,Pass week-end,2025-08-26
924,4,Billet simple,2025-08-21
924,9,Pass week-end,2025-08-29
925,1,Pass week-end,2025-08-08
925,9,Pass journée,2025-08-11
926,11,Billet simple,2025-08-24
926,3,Pass semaine,2025-08-17
927,10,Pass semaine,2025-08-08
927,11,Pass journée,2025-08-14
927,4,Pass week-end,2025-08-30
928,6,Pass journée,2025-08-07
928,8,Pass journée,2025-08-19
928,9,Pass journée,2025-08-28
929,5,Pass journée,2025-08-14
930,11,Pass journée,2025-08-11
931,9,Billet simple,2025-08-06
932,3,Pass week-end,2025-08-29
932,1,Pass semaine,2025-08-14
933,8,Pass week-end,2025-08-05
933,11,Pass journée,2025-08-04
934,3,Billet simple,2025-08-25
935,10,Pass journée,2025-08-20
935,5,Pass journée,2025-08-08
935,12,Billet simple,2025-08-12
936,12,Pass semaine,2025-08-05
937,10,Pass journée,2025-08-28
937,8,Pass semaine,2025-08-16
937,6,Pass semaine,2025-08-05
938,4,Pass journée,2025-08-02
939,1,Pass semaine,2025-08-08
939,5,Pass journée,2025-08-25
940,2,Pass journée,2025-08-30
941,10,Pass week-end,2025-08-28
941,8,Pass semaine,2025-08-29
942,7,Pass semaine,2025-08-25
943,10,Pass semaine,2025-08-24
944,7,Billet simple,2025-08-17
944,10,Billet simple,2025-08-15
945,1,Pass semaine,2025-08-24
945,4,Billet simple,2025-08-18
946,9,Billet simple,2025-08-07
946,11,Pass week-end,2025-08-15
947,5,Pass semaine,2025-08-06
947,12,Pass semaine,2025-08-10
948,1,Pass semaine,2025-08-27
948,9,Pass semaine,2025-08-03
948,3,Billet simple,2025-08-06
949,12,Pass semaine,2025-08-14
949,9,Pass week-end,2025-08-15
949,3,Billet simple,2025-08-06
950,10,Pass semaine,2025-08-03
950,4,Pass week-end,2025-08-11
951,11,Billet simple,2025-08-04
951,3,Pass semaine,2025-08-21
951,2,Pass week-end,2025-08-03
952,12,Pass journée,2025-08-13
952,7,Pass semaine,2025-08-02
952,9,Pass journée,2025-08-30
953,10,Pass journée,2025-08-06
953,11,Pass journée,2025-08-06
954,1,Pass week-end,2025-08-24
954,7,Pass semaine,2025-08-10
954,5,Pass journée,2025-08-04
955,4,Billet simple,2025-08-20
956,1,Pass semaine,2025-08-28
956,8,Pass semaine,2025-08-18
957,10,Pass semaine,2025-08-08
958,10,Pass semaine,2025-08-15
959,8,Billet simple,2025-08-08
959,2,Pass week-end,2025-08-20
960,9,Pass journée,2025-08-05
960,4,Billet simple,2025-08-21
960,1,Pass week-end,2025-08-02
961,1,Pass week-end,2025-08-11
962,1,Billet simple,2025-08-14
963,3,Pass week-end,2025-08-20
964,12,Pass journée,2025-08-15
964,10,Pass week-end,2025-08-30
964,11,Billet simple,2025-08-03
965,6,Pass semaine,2025-08-27
965,12,Billet simple,2025-08-25
966,9,Pass week-end,2025-08-16
966,2,Pass journée,2025-08-04
967,5,Pass semaine,2025-08-17
967,6,Pass journée,2025-08-23
967,9,Pass journée,2025-08-20
968,2,Billet simple,2025-08-16
969,12,Pass semaine,2025-08-20
969,10,Pass week-end,2025-08-09
969,5,Pass week-end,2025-08-30
970,10,Pass semaine,2025-08-17
971,11,Pass journée,2025-08-29
971,8,Pass journée,2025-08-23
971,12,Pass week-end,2025-08-07
972,2,Billet simple,2025-08-15
973,2,Pass semaine,2025-08-14
973,4,Billet simple,2025-08-11
973,10,Pass week-end,2025-08-18
974,4,Pass week-end,2025-08-09
974,1,Billet simple,2025-08-10
974,12,Pass week-end,2025-08-17
975,6,Pass week-end,2025-08-11
975,1,Pass semaine,2025-08-24
975,2,Billet simple,2025-08-27
976,4,Pass week-end,2025-08-27
977,11,Pass semaine,2025-08-26
977,8,Billet simple,2025-08-21
978,8,Pass journée,2025-08-21
979,9,Pass semaine,2025-08-26
979,6,Pass semaine,2025-08-30
980,1,Pass week-end,2025-08-18
980,9,Billet simple,2025-08-07
980,5,Pass week-end,2025-08-26
981,2,Pass week-end,2025-08-27
981,3,Billet simple,2025-08-11
982,11,Pass journée,2025-08-19
982,9,Pass semaine,2025-08-06
983,2,Billet simple,2025-08-09
983,5,Pass semaine,2025-08-03
983,6,Pass semaine,2025-08-29
984,6,Pass semaine,2025-08-27
985,4,Pass week-end,2025-08-06
985,9,Billet simple,2025-08-12
986,4,Billet simple,2025-08-15
987,1,Pass journée,2025-08-07
987,8,Pass week-end,2025-08-30
987,9,Pass semaine,2025-08-24
988,5,Billet simple,2025-08-27
988,6,Pass journée,2025-08-07
988,3,Billet simple,2025-08-15
989,12,Billet simple,2025-08-01
989,9,Pass week-end,2025-08-30
990,11,Billet simple,2025-08-11
991,1,Pass week-end,2025-08-01
991,2,Pass week-end,2025-08-21
992,6,Pass journée,2025-08-07
993,5,Pass week-end,2025-08-25
993,9,Pass semaine,2025-08-22
994,5,Pass journée,2025-08-06
995,2,Billet simple,2025-08-07
995,1,Pass week-end,2025-08-18
996,5,Pass week-end,2025-08-19
996,3,Pass journée,2025-08-06
997,5,Pass week-end,2025-08-18
998,1,Billet simple,2025-08-16
998,3,Billet simple,2025-08-04
999,1,Pass semaine,2025-08-13
999,2,Pass journée,2025-08-23
1000,10,Pass week-end,2025-08-10
1000,11,Pass week-end,2025-08-27
1000,8,Pass journée,2025-08-23
