id_personnel,nom,prenom,fonction,date_arrivee,adresse_email
1,Moreau,Isabella,Coordination artistes,2021-01-31,isabella.moreau@festival.example.com
2,Ali,Haruto,Sécurité,2019-02-24,haruto.ali@festival.example.com
3,Fernández,Liam,Technicien son,2018-05-03,liam.fernandez@festival.example.com
4,Hassan,Liam,Logistique,2023-09-01,liam.hassan@festival.example.com
5,Ndlovu,Lucas,Coordination artistes,2025-04-15,lucas.ndlovu@festival.example.com
6,Ali,Lucía,Accueil,2024-08-10,lucia.ali@festival.example.com
7,Martin,Diya,Maintenance,2019-10-16,diya.martin@festival.example.com
8,Saad,María,Runner,2019-09-29,maria.saad@festival.example.com
9,Saad,Nia,Technicien lumière,2019-01-15,nia.saad@festival.example.com
10,Brown,Nadia,Stage manager,2021-11-09,nadia.brown@festival.example.com
11,Bianchi,Ravi,Coordination artistes,2023-02-25,ravi.bianchi@festival.example.com
12,Clark,Eleni,Chauffeur,2022-03-31,eleni.clark@festival.example.com
13,Tran,Emma,Nettoyage,2025-01-18,emma.tran@festival.example.com
14,Okafor,Malak,Coordination artistes,2018-10-12,malak.okafor@festival.example.com
15,Mahmoud,Mateo,Maintenance,2021-03-31,mateo.mahmoud@festival.example.com
16,Mahmoud,Emma,Nettoyage,2019-02-18,emma.mahmoud@festival.example.com
17,Park,Nadia,Accueil,2025-02-16,nadia.park@festival.example.com
18,Diop,Malak,Stage manager,2021-12-26,malak.diop@festival.example.com
19,Kim,Kofi,Coordination artistes,2025-08-31,kofi.kim@festival.example.com
20,Traoré,Giulia,Backline,2020-09-29,giulia.traore@festival.example.com
21,Torres,Youssef,Billetterie,2021-01-10,youssef.torres@festival.example.com
22,Khalil,Thandi,Nettoyage,2018-08-18,thandi.khalil@festival.example.com
23,Ricci,Sora,Maintenance,2021-07-16,sora.ricci@festival.example.com
24,Kim,Camila,Technicien lumière,2020-05-14,camila.kim@festival.example.com
25,Hassan,Layla,Communication,2023-08-07,layla.hassan@festival.example.com
26,Mendoza,Valentina,Sécurité,2020-12-20,valentina.mendoza@festival.example.com
27,Suzuki,Mason,Coordination artistes,2024-04-18,mason.suzuki@festival.example.com
28,Watanabe,Eleni,Coordination artistes,2024-07-22,eleni.watanabe@festival.example.com
29,Rodríguez,María,Stage manager,2020-06-17,maria.rodriguez@festival.example.com
30,Petrova,Mason,Accueil,2019-01-08,mason.petrova@festival.example.com
31,Anderson,Noah,Sécurité,2025-01-14,noah.anderson@festival.example.com
32,Fernández,Youssef,Catering,2018-09-18,youssef.fernandez@festival.example.com
33,Karim,Santiago,Catering,2023-04-02,santiago.karim@festival.example.com
34,Sato,Ivana,Backline,2018-02-17,ivana.sato@festival.example.com
35,Ivanov,Isabella,Maintenance,2020-12-28,isabella.ivanov@festival.example.com
36,Anderson,Maya,Runner,2022-11-16,maya.anderson@festival.example.com
37,Mendoza,Youssef,Technicien son,2020-12-14,youssef.mendoza@festival.example.com
38,Ndoye,Iker,Backline,2019-03-12,iker.ndoye@festival.example.com
39,Ionescu,Hana,Catering,2020-03-25,hana.ionescu@festival.example.com
40,Zaher,Aïcha,Maintenance,2019-10-24,aicha.zaher@festival.example.com
41,Martin,Ivana,Catering,2021-08-20,ivana.martin@festival.example.com
42,Dubois,Marta,Technicien lumière,2022-01-26,marta.dubois@festival.example.com
43,Tanaka,Omar,Technicien son,2020-09-13,omar.tanaka@festival.example.com
44,Johnson,Emma,Coordination artistes,2023-06-14,emma.johnson@festival.example.com
45,Ivanov,Luca,Maintenance,2019-05-31,luca.ivanov@festival.example.com
46,Popov,Amelia,Backline,2019-11-08,amelia.popov@festival.example.com
47,Horváth,Ravi,Nettoyage,2024-10-20,ravi.horvath@festival.example.com
48,Hassan,María,Chauffeur,2024-01-18,maria.hassan@festival.example.com
49,Patel,Zuri,Billetterie,2025-07-14,zuri.patel@festival.example.com
50,Santos,Farah,Chauffeur,2023-10-21,farah.santos@festival.example.com
51,Clark,Renata,Logistique,2020-07-09,renata.clark@festival.example.com
52,Saad,Luca,Technicien son,2024-08-06,luca.saad@festival.example.com
53,Ali,Sora,Technicien son,2018-10-18,sora.ali@festival.example.com
54,Mahmoud,Mia,Technicien lumière,2018-05-09,mia.mahmoud@festival.example.com
55,Fischer,Zain,Backline,2020-09-01,zain.fischer@festival.example.com
56,Novak,Diya,Logistique,2024-01-18,diya.novak@festival.example.com
57,Popov,Amelia,Logistique,2023-04-22,amelia.popov2@festival.example.com
58,Okafor,Diego,Technicien lumière,2019-02-02,diego.okafor@festival.example.com
59,Saleh,José,Billetterie,2022-08-11,jose.saleh@festival.example.com
60,Rossi,Elena,Communication,2025-04-30,elena.rossi@festival.example.com
61,Schmidt,Olivia,Billetterie,2021-10-21,olivia.schmidt@festival.example.com
62,Suzuki,Ava,Logistique,2020-02-19,ava.suzuki@festival.example.com
63,Castro,Eleni,Sécurité,2022-09-25,eleni.castro@festival.example.com
64,Park,Fatou,Accueil,2020-10-20,fatou.park@festival.example.com
65,Santos,Giulia,Maintenance,2024-03-04,giulia.santos@festival.example.com
66,Rossi,Olivia,Communication,2024-01-24,olivia.rossi@festival.example.com
67,Smith,Hugo,Chauffeur,2020-08-26,hugo.smith@festival.example.com
68,Pérez,Amadou,Accueil,2023-05-26,amadou.perez@festival.example.com
69,Rodríguez,Nia,Chauffeur,2018-08-29,nia.rodriguez@festival.example.com
70,Karim,Amadou,Technicien son,2022-05-19,amadou.karim@festival.example.com
71,Mendoza,Ravi,Runner,2022-09-29,ravi.mendoza@festival.example.com
72,Young,Marta,Logistique,2021-04-30,marta.young@festival.example.com
73,Schmidt,Nia,Catering,2024-01-30,nia.schmidt@festival.example.com
74,Haddad,Mia,Technicien son,2018-07-25,mia.haddad@festival.example.com
75,Ionescu,Anya,Chauffeur,2023-12-16,anya.ionescu@festival.example.com
76,Schmidt,Youssef,Backline,2018-11-25,youssef.schmidt@festival.example.com
77,Müller,Fatou,Catering,2018-10-06,fatou.muller@festival.example.com
78,Rodríguez,Yuki,Technicien lumière,2024-05-22,yuki.rodriguez@festival.example.com
79,Bianchi,Haruto,Catering,2018-12-02,haruto.bianchi@festival.example.com
80,Nowak,Lucía,Stage manager,2020-12-04,lucia.nowak@festival.example.com
81,Haddad,Kofi,Logistique,2020-12-23,kofi.haddad@festival.example.com
82,Walker,Valentina,Communication,2025-03-28,valentina.walker@festival.example.com
83,Mendoza,Hana,Stage manager,2018-10-25,hana.mendoza@festival.example.com
84,Mendoza,Hugo,Catering,2024-04-25,hugo.mendoza@festival.example.com
85,Fischer,Olivia,Backline,2020-05-23,olivia.fischer@festival.example.com
86,Watanabe,Iker,Sécurité,2021-11-30,iker.watanabe@festival.example.com
87,Suzuki,Luca,Stage manager,2021-03-13,luca.suzuki@festival.example.com
88,Santos,Youssef,Nettoyage,2024-02-04,youssef.santos@festival.example.com
89,Horváth,Hana,Technicien son,2025-06-28,hana.horvath@festival.example.com
90,Taylor,Hana,Chauffeur,2019-07-05,hana.taylor@festival.example.com
91,Anderson,Ravi,Chauffeur,2019-03-15,ravi.anderson@festival.example.com
92,Kim,Aïcha,Runner,2024-10-13,aicha.kim@festival.example.com
93,Saad,Kofi,Logistique,2025-09-16,kofi.saad@festival.example.com
94,Ionescu,Ravi,Accueil,2020-10-25,ravi.ionescu@festival.example.com
95,Smith,Noah,Communication,2022-10-01,noah.smith@festival.example.com
96,Bianchi,Diya,Technicien son,2021-09-28,diya.bianchi@festival.example.com
97,Watanabe,Amelia,Sécurité,2022-12-15,amelia.watanabe@festival.example.com
98,Bernard,María,Technicien lumière,2018-11-05,maria.bernard@festival.example.com
99,Dimitrov,Aïcha,Technicien son,2022-02-21,aicha.dimitrov@festival.example.com
100,Silva,Charlotte,Sécurité,2018-06-21,charlotte.silva@festival.example.com
101,Fares,Omar,Chauffeur,2018-06-13,omar.fares@festival.example.com
102,Abebe,Ali,Communication,2020-10-19,ali.abebe@festival.example.com
103,Saleh,Ava,Maintenance,2024-04-12,ava.saleh@festival.example.com
104,Young,Diego,Chauffeur,2020-08-27,diego.young@festival.example.com
105,Ndoye,Youssef,Chauffeur,2022-08-16,youssef.ndoye@festival.example.com
106,Ndoye,Lucas,Coordination artistes,2021-09-22,lucas.ndoye@festival.example.com
107,Suzuki,Diego,Runner,2019-10-15,diego.suzuki@festival.example.com
108,Karim,Ava,Nettoyage,2018-06-08,ava.karim@festival.example.com
109,Ali,Nikolai,Logistique,2023-03-01,nikolai.ali@festival.example.com
110,Patel,Yara,Nettoyage,2020-07-21,yara.patel@festival.example.com
111,Moreau,Thandi,Communication,2020-03-02,thandi.moreau@festival.example.com
112,Barakat,Camila,Runner,2018-10-12,camila.barakat@festival.example.com
113,Aziz,Diya,Communication,2023-09-18,diya.aziz@festival.example.com
114,Ivanov,Camila,Stage manager,2018-04-24,camila.ivanov@festival.example.com
115,Watanabe,Isabella,Sécurité,2024-07-06,isabella.watanabe@festival.example.com
116,Ricci,Ravi,Technicien lumière,2024-09-09,ravi.ricci@festival.example.com
117,Aziz,José,Coordination artistes,2021-07-08,jose.aziz@festival.example.com
118,Petrova,José,Technicien lumière,2022-04-27,jose.petrova@festival.example.com
119,Sato,Kwame,Technicien son,2022-11-22,kwame.sato@festival.example.com
120,Nowak,Léa,Chauffeur,2024-01-15,lea.nowak@festival.example.com
121,Fares,Zuri,Billetterie,2018-10-14,zuri.fares@festival.example.com
122,Haddad,Zain,Communication,2019-05-26,zain.haddad@festival.example.com
123,Ionescu,Hana,Runner,2025-06-24,hana.ionescu2@festival.example.com
124,Khalil,Diego,Billetterie,2021-04-26,diego.khalil@festival.example.com
125,Okafor,Amelia,Billetterie,2025-06-16,amelia.okafor@festival.example.com
126,Ndoye,Nadia,Catering,2024-05-20,nadia.ndoye@festival.example.com
127,Rodríguez,Hana,Backline,2018-01-02,hana.rodriguez@festival.example.com
128,Nguyen,Hana,Logistique,2022-10-27,hana.nguyen@festival.example.com
129,Torres,Noor,Accueil,2022-12-17,noor.torres@festival.example.com
130,Petrova,Nia,Accueil,2019-11-27,nia.petrova@festival.example.com
131,Nguyen,Emma,Backline,2025-06-12,emma.nguyen@festival.example.com
132,Smith,Zain,Nettoyage,2020-08-20,zain.smith@festival.example.com
133,Ali,Omar,Maintenance,2020-03-26,omar.ali@festival.example.com
134,Moreau,Charlotte,Technicien son,2020-09-29,charlotte.moreau@festival.example.com
135,Fischer,Nikolai,Accueil,2022-08-25,nikolai.fischer@festival.example.com
136,Nasser,Kwame,Accueil,2022-06-25,kwame.nasser@festival.example.com
137,Lewis,Haruto,Communication,2025-09-17,haruto.lewis@festival.example.com
138,Taylor,Léa,Maintenance,2022-10-08,lea.taylor@festival.example.com
139,Ndoye,Thandi,Maintenance,2023-10-23,thandi.ndoye@festival.example.com
140,Rossi,Elena,Backline,2020-10-17,elena.rossi2@festival.example.com
141,Mendoza,Ethan,Sécurité,2023-03-19,ethan.mendoza@festival.example.com
142,Haddad,Ivana,Maintenance,2022-12-18,ivana.haddad@festival.example.com
143,Fernández,Iker,Nettoyage,2024-02-23,iker.fernandez@festival.example.com
144,Diop,Renata,Coordination artistes,2023-04-29,renata.diop@festival.example.com
145,Watanabe,Renata,Maintenance,2020-10-09,renata.watanabe@festival.example.com
146,Nowak,Diya,Accueil,2025-01-11,diya.nowak@festival.example.com
147,Park,Yuki,Accueil,2018-11-14,yuki.park@festival.example.com
148,Tanaka,Mei,Runner,2021-10-07,mei.tanaka@festival.example.com
149,Dimitrov,Layla,Technicien lumière,2019-07-21,layla.dimitrov@festival.example.com
150,Mahmoud,Aïcha,Billetterie,2019-09-18,aicha.mahmoud@festival.example.com
151,Müller,Nia,Billetterie,2022-07-28,nia.muller@festival.example.com
152,Dimitrov,Zain,Accueil,2022-08-31,zain.dimitrov@festival.example.com
153,Abebe,Mia,Nettoyage,2022-09-17,mia.abebe@festival.example.com
154,Dubois,Santiago,Nettoyage,2024-06-16,santiago.dubois@festival.example.com
155,Kowalski,Nadia,Technicien son,2021-12-11,nadia.kowalski@festival.example.com
156,Nasser,Hana,Nettoyage,2022-09-13,hana.nasser@festival.example.com
157,Dimitrov,Eleni,Maintenance,2024-10-06,eleni.dimitrov@festival.example.com
158,Novak,Thandi,Logistique,2021-01-22,thandi.novak@festival.example.com
159,Novak,José,Technicien son,2022-05-12,jose.novak@festival.example.com
160,Rodríguez,Maya,Coordination artistes,2019-11-08,maya.rodriguez@festival.example.com
161,Walker,Elena,Catering,2023-12-28,elena.walker@festival.example.com
162,González,Lucas,Catering,2024-04-30,lucas.gonzalez@festival.example.com
163,Johnson,Lucas,Communication,2022-10-22,lucas.johnson@festival.example.com
164,Torres,Mason,Sécurité,2018-07-25,mason.torres@festival.example.com
165,Karim,Ravi,Stage manager,2020-05-16,ravi.karim@festival.example.com
166,Khalil,Pedro,Stage manager,2022-04-02,pedro.khalil@festival.example.com
167,García,Diya,Runner,2018-12-02,diya.garcia@festival.example.com
168,Dubois,Nikolai,Coordination artistes,2024-01-19,nikolai.dubois@festival.example.com
169,Aziz,Noah,Logistique,2025-04-16,noah.aziz@festival.example.com
170,Bianchi,Luca,Maintenance,2018-05-08,luca.bianchi@festival.example.com
171,Ndlovu,Haruto,Nettoyage,2018-03-25,haruto.ndlovu@festival.example.com
172,Tanaka,Aïcha,Sécurité,2023-04-24,aicha.tanaka@festival.example.com
173,Hassan,Isabella,Accueil,2020-11-15,isabella.hassan@festival.example.com
174,Traoré,Farah,Catering,2024-10-23,farah.traore@festival.example.com
175,Diop,Isabella,Runner,2019-03-19,isabella.diop@festival.example.com
176,Patel,Lucas,Catering,2025-08-06,lucas.patel@festival.example.com
177,González,Nadia,Coordination artistes,2020-03-23,nadia.gonzalez@festival.example.com
178,Suzuki,Giulia,Technicien lumière,2021-05-20,giulia.suzuki@festival.example.com
179,Bianchi,Ethan,Stage manager,2023-12-23,ethan.bianchi@festival.example.com
180,Zaher,María,Technicien lumière,2023-09-04,maria.zaher@festival.example.com
181,Bernard,Maya,Nettoyage,2022-09-17,maya.bernard@festival.example.com
182,Taylor,Marta,Billetterie,2022-01-23,marta.taylor@festival.example.com
183,Young,Pedro,Billetterie,2019-12-23,pedro.young@festival.example.com
184,Kim,Milos,Catering,2024-01-14,milos.kim@festival.example.com
185,Torres,Anya,Billetterie,2024-08-23,anya.torres@festival.example.com
186,Khalil,Aarav,Nettoyage,2020-10-02,aarav.khalil@festival.example.com
187,Park,Liam,Chauffeur,2023-01-21,liam.park@festival.example.com
188,Torres,Haruto,Catering,2024-11-04,haruto.torres@festival.example.com
189,Saad,Nadia,Technicien son,2023-07-18,nadia.saad@festival.example.com
190,Mensah,Noor,Accueil,2020-05-18,noor.mensah@festival.example.com
191,Watanabe,Ali,Stage manager,2021-02-19,ali.watanabe@festival.example.com
192,Bernard,Diya,Backline,2020-02-22,diya.bernard@festival.example.com
193,Tanaka,Emma,Coordination artistes,2022-07-23,emma.tanaka@festival.example.com
194,Tanaka,Marta,Coordination artistes,2023-05-05,marta.tanaka@festival.example.com
195,Castro,Marta,Maintenance,2018-03-12,marta.castro@festival.example.com
196,Tran,Liam,Logistique,2022-07-15,liam.tran@festival.example.com
197,Patel,Haruto,Communication,2024-07-10,haruto.patel@festival.example.com
198,Popov,Farah,Backline,2023-12-15,farah.popov@festival.example.com
199,Fernández,Yara,Coordination artistes,2024-03-04,yara.fernandez@festival.example.com
200,Saleh,Zain,Coordination artistes,2023-02-02,zain.saleh@festival.example.com
